Seat No.,PH-121,HS-101,CY-105,HS-105/12,MT-111,CS-105,CS-106,EL-102,EE-119,ME-107,CS-107,HS-205/20,MT-222,EE-222,MT-224,CS-210,CS-211,CS-203,CS-214,EE-217,CS-212,CS-215,MT-331,EF-303,HS-304,CS-301,CS-302,TC-383,MT-442,EL-332,CS-318,CS-306,CS-312,CS-317,CS-403,CS-421,CS-406,CS-414,CS-419,CS-423,CS-412,CGPA
CS-97001,B-,D+,C-,C,C-,D+,D,C-,B-,C-,C-,B+,D,A-,B-,C+,D+,D+,D,A,D,C-,C,C-,C+,B,C,C+,B+,C,C-,C,C-,C-,C-,C-,A-,A,C-,B,A-,2.205
CS-97002,A,D,D+,D,B-,C,D,A,D+,D,B+,C+,B-,C-,D+,D+,D,C,D,B-,C,D,D+,D,C-,A-,D+,C-,C-,C,A-,D,D+,D,C,D,A-,B-,C,C,B,2.008
CS-97003,A,B,A,B-,B+,A,B-,B+,A-,A-,B-,A-,A,A,A,A,A+,A,A-,A,A-,A,A,C+,A,B+,A-,B,A,B+,A-,A-,B,B,A,C,A,A,A,A-,A,3.608
CS-97004,D,C+,D+,D,D,A-,D+,C-,D,C+,D,B,D+,B-,D,C,B+,C+,D,D+,D,D,D+,D,B-,D,B-,D+,C-,D+,B+,C-,D+,C,D+,C-,B-,B,C+,C+,C+,1.906
CS-97005,A-,A-,A-,B+,A,A,A-,B+,A,A-,C,A,A,A-,A-,A-,B-,A,A-,A,A-,A-,C+,C-,A-,B-,A-,C+,A-,A-,B-,A-,B-,B+,B+,B-,A-,A,A-,A-,A,3.448
CS-97006,A,B-,B,D+,C+,A-,C+,B,B+,B+,C-,A-,B-,B+,A-,B+,B,A-,B,A-,A-,C+,B+,C-,A-,B-,C+,B,A-,A-,B-,B+,C,B-,C+,C+,A-,A-,B+,B-,B,3.026
CS-97007,B-,C-,A-,D,A-,B,A,B+,A-,B+,A-,A,C,C+,C-,B-,B-,B+,C,A,C+,C-,C+,C+,B+,B+,B,C-,B+,A-,C,C+,B-,C,B+,B-,A,A-,B+,B+,A,2.957
CS-97008,B+,B+,C+,C,C,A-,C-,A-,B,A-,B+,A,B+,B+,C,A-,B+,A-,C,A-,C+,C,C,C+,A-,D+,A-,C,A-,B,B,B+,D+,B+,B+,C,A,B+,A-,A-,A-,3.043
CS-97009,A-,C,A-,D+,B,A-,A-,A-,B+,A-,A-,A,A,A-,B-,A-,A-,A,B-,A+,C+,C+,A-,C-,B+,B,B,B+,A,A-,B+,A-,B+,B,B-,C+,A,A-,B+,A-,A,3.358
CS-97010,A,B,C+,B,B,A-,C,B-,A-,A,C+,A-,B-,A,A-,A,B-,A,B-,A-,B-,A-,B,B+,A-,B-,B-,C+,B,B+,B-,A-,C+,B-,B+,B-,A,A,A-,B,A,3.247
CS-97011,A-,B-,B+,C-,C-,B-,C+,B-,A,A-,D+,A,B-,A-,D,B+,B-,B,C+,A-,D+,C,B+,C,A-,C,B,D+,A-,C,A-,B+,C,B-,C-,C-,B,B+,B-,C-,B+,2.681
CS-97012,A-,C,A-,C+,C-,A,B-,B+,A-,A-,A-,A,B+,A-,A-,A,A-,A,A,A,A-,A-,B-,C+,A-,C+,B-,B,A-,A,B-,A-,A-,B-,B+,C,A,A-,B-,C+,A-,3.281
CS-97013,B,C,A-,C,B-,B,D+,C,B+,A-,A-,B-,B+,B+,A-,C+,C-,B,C-,B-,D+,D,B+,D+,A-,A-,B-,C,A-,B-,B,C+,C-,C,C-,C,A,A-,B-,A-,B+,2.792
CS-97014,A,C-,A-,C-,B,A-,C+,A-,A-,A-,C-,A,B+,A,A-,A-,B,A-,C+,A,B+,B+,A+,A-,A-,A-,A-,B+,A+,A,A-,A-,B,A-,A-,B+,A-,A,A,A-,A,3.523
CS-97015,A,C,A-,C+,A-,A,B-,A-,A-,A,C,A-,B-,A-,A,B+,B-,A-,B-,A+,A-,B+,B,D+,A-,A-,A-,C+,A+,A,A-,A-,C+,A-,A-,B+,A-,A+,A,A,A,3.443
CS-97016,A-,C-,B-,D,B-,B+,B-,A-,B,A-,C,B,A-,B-,B-,B-,C+,A-,C+,A,D,B-,C,B-,A-,C-,A-,C-,A,C,C,B-,B,C,B-,C+,A-,A-,C+,C-,A-,2.777
CS-97017,A-,C-,A,D+,A-,A,B,A-,A-,A,B,A-,A-,A,A,A-,A-,A,B+,A,B,B+,A,B-,B+,C,A-,B-,A,A-,C+,B-,C,B-,B,C+,B+,A-,B-,B,A-,3.248
CS-97018,B-,C-,C,D,D,C+,D+,B,B+,D+,D,B+,D,B-,D,D+,C+,B+,C,C,D+,D,D+,C,C-,D,D,D,C-,D+,D,D,D,D+,D+,D,A-,C,C-,D+,C-,1.787
CS-97019,A,C-,A,C+,A-,A,A-,A,A,A,B,A-,A,A-,A-,A-,B+,A,A-,A-,B,A-,A-,C-,B-,A,A-,B+,A,A-,A-,A-,B-,A-,A-,B-,A-,A,A-,A-,A,3.572
CS-97020,B+,C,A-,C-,A-,B+,A-,A-,A,A,B+,A,A-,A,A-,A-,A-,A,B+,A-,B+,A,A-,C-,B,A-,B+,B,A-,A,B,B-,C,B+,A-,B+,A-,A+,A-,A-,A,3.483
CS-97021,B+,C,B,D+,B-,C-,C-,C-,C-,A-,D+,A-,B-,D+,B+,B-,C-,B-,C-,A-,D,D+,C,D+,B-,D+,B-,C-,B,C,C,C,D+,C-,C-,D+,B+,B+,C,B-,A-,2.246
CS-97022,B,B+,B-,C,A-,A-,D+,C+,B,C,C,B,B,A-,C+,B-,C+,B,C-,B+,C+,C,A-,B+,B+,A-,B+,B,A-,C-,B,C,C+,B+,C,C+,A,A,A-,B+,A-,2.956
CS-97023,B+,C+,B-,C+,C-,A-,B-,C+,A-,C+,B-,A-,D+,A,B-,B+,D,A-,B-,A-,B+,B-,B,C-,B,B,A-,C+,A-,B+,B-,B+,C-,B,C+,C-,A,A-,B+,B-,A-,2.953
CS-97024,A,A-,A,A-,A,A,B-,A-,B+,A,B,A-,B+,A-,A,A-,A-,A,A-,A,B+,A-,A-,B-,B+,B+,A-,A-,A,A-,A-,A-,B-,B-,A-,B-,B+,A,A-,A-,A-,3.586
CS-97025,A,B-,A-,B,B+,A-,B,A,A,A-,C+,A,B,A-,A-,A,B,A,A-,A-,A-,A-,A,B-,B+,A-,B,B-,A,A,B,B,B-,B+,B,B-,A-,A,A-,A-,A,3.475
CS-97026,C+,C-,C,C-,D,B-,D,C+,A-,B+,D,A-,D+,B+,D+,C,D,B+,D+,C,D,D,D,C,B,D+,B-,D+,B+,B-,C-,C,D+,D+,B-,D+,B+,A-,C,B,A-,2.228
CS-97027,A,B+,A,A-,A-,A,C+,A,A,A-,B+,A-,B,A-,A-,A-,B-,A,B,A,A-,A-,B,C-,B+,B+,A-,C,A-,A-,B+,A,C+,B,B,B-,A-,A,B,A-,A,3.44
CS-97028,C,C+,D+,D+,C-,B+,D,C,B,B,A-,B,D,C+,D+,C,C-,C-,C,C,D+,D,C+,D+,B,C+,C+,D+,C+,C-,C,C,D,D,C-,C-,B,A-,C+,B-,A-,2.188
CS-97029,B+,B,A-,B+,B-,A,B,D+,A-,A-,C-,A,A,B+,B,B+,B-,A,B-,A-,C+,A-,B,C-,A-,A-,A-,C+,A,A-,B-,B+,C+,B+,B,C+,A-,A,B-,B+,A-,3.195
CS-97030,C,B-,C,D+,B,B,C+,C+,C+,B,D,A-,D+,C+,B-,B-,C,B-,C,B-,D,C-,C-,C-,B-,D+,B-,C-,A-,C+,C+,C-,D+,C,C,D+,A-,A-,C+,C-,B-,2.294
CS-97031,A-,B,A,B+,B-,A-,B+,A,A-,A,B,A-,B-,A-,A-,A,A-,A,A,A,B+,B+,A-,C+,A-,B,B,B-,A,A-,A-,B,C,A-,A-,B-,A-,A,B+,B+,A,3.443
CS-97032,A,C+,A-,C+,B+,A-,B-,B+,A-,A-,B,B,B+,A,A-,A,C+,A-,A-,B,B-,A-,B-,D+,B,B-,A-,C-,B,B-,B,C+,C,C+,C+,C+,A,A,B,B+,A-,3.133
CS-97033,B,C+,A,D+,A-,A,A-,A,A-,A-,B-,A-,A-,A-,A-,A-,A-,A,B,A+,B-,A-,B+,D+,B-,B,B,C+,A,A-,B,B,C+,B,B,C-,A,A-,B+,B-,B+,3.22
CS-97034,A,C+,A-,B,A-,B+,C-,B+,A-,B-,C-,A,B,A-,A-,A-,C+,A-,B,A,B-,B+,B,C,A-,C,B,C,A-,A-,B-,B,D+,B-,B-,B-,A-,A,B+,A-,B+,3.112
CS-97035,B+,B-,A-,A,C+,A-,D,A-,A-,C+,C-,A,C,A,B,A-,B,A-,C-,A,B,C,B-,A-,A-,B,A-,C-,A-,B+,B-,A-,C,B+,B-,C+,A,A,B,A-,A-,3.16
CS-97036,B,C+,B-,D+,B+,A-,B-,B+,A-,A-,B+,A-,B,A-,D+,A-,B,A,C-,A,B-,C+,B,C,A-,C+,B,C-,A,A-,B-,B,C-,C,B,C+,A-,A,B-,B-,A-,3.019
CS-97037,B+,B+,A-,B-,B+,A-,C+,B+,A-,B,C-,A,C+,A-,A-,A-,C,A-,B,A-,B-,A-,B+,C,B+,C,B+,B-,B+,B+,B-,A-,C+,C+,B-,C+,A-,A,B-,A-,A-,3.164
CS-97038,B,C,A-,B-,B+,A,A,A-,A-,A-,A-,A-,D+,A,A-,A-,B,A,B,B+,B+,B-,A-,B-,B+,B-,B+,C+,A,A-,B+,A-,B,B,B+,C,A-,A-,B+,B+,A-,3.332
CS-97039,C-,C-,D,D,C+,C+,C-,D,C,C,C-,A-,C+,B,B-,B,C+,A-,C-,B,D+,C-,C-,C-,C-,B-,B-,D+,A-,C,D+,D+,C+,D+,D+,D,A-,B+,C+,C-,B+,2.165
CS-97040,A-,A-,B+,B+,A-,A+,B+,A,A,A-,A,B+,B-,A,A-,A,A-,A,A-,A-,A,A,A-,A,A-,A,A,A,C+,A-,A,A-,A-,B,A-,B,A,A-,B,B,A,3.7
CS-97041,A-,B-,B-,C,A-,A,A,B-,A-,B-,B-,A,C,A-,B+,B,B-,B,C,B+,C,C+,C,C-,A-,C+,B,C+,A,A-,B-,B,B-,B+,B-,C,A-,A,B+,A-,A-,3.033
CS-97042,B,C,C+,C,D+,A-,D+,B-,B,B+,B+,A-,B-,B+,A-,B+,C-,C+,B-,A-,D+,B-,B,C,B-,D+,B,C,B+,C+,C,B-,D+,C,B,D+,A-,A,B-,B+,A-,2.696
CS-97043,B+,C,B,C,B-,A-,D,A-,A-,B-,A-,A-,B-,A-,B+,B-,D+,B+,C-,A-,C-,C-,C+,D+,B,A-,B,C-,A-,A-,A,B-,C-,C-,B-,C-,A,A-,C+,B,A-,2.851
CS-97044,C-,B+,C,B+,C+,A-,B+,B-,A,A,C+,A-,D,B+,D,A-,C-,B+,C+,D+,B,B-,B+,B-,A-,B-,A-,C+,A-,B,B+,A-,B+,B+,B-,C+,A,A-,B-,B,A,3.058
CS-97045,D,C,,,,C-,,,D+,WU,,,,,,,,,,,,,,,,,,,,,,,,,,,,,,,,1.493
CS-97046,B,B-,B-,D+,C-,C,D,B,A-,B,C,B+,C-,B-,D+,D+,B,D,D,C-,A-,B,D+,D,C,D+,C-,D+,B,D,D,D,B,D+,D+,C,C+,B-,C,D,B-,2.069
CS-97047,A-,C-,C+,C-,D,C+,D+,D+,B+,C+,C-,A-,D,A-,D,D,D,C,D+,D+,D,D,A-,C+,C+,C+,D,C+,C-,D,D,D,D,D+,B-,D,A-,B-,C-,C,B-,1.996
CS-97048,A-,B+,A-,A-,A,A+,A,A+,A,B-,A,A,A,A,A+,A+,A+,A+,A,A,A+,A+,A+,A,A-,A,A-,A,A-,A+,A,A-,A,A,A,A,A,A+,A,A,A,3.897
CS-97049,A,A-,A,A-,A+,A+,A+,A,A,A,A+,A,A-,A,A-,A,A+,A+,B+,A,A-,A+,A,A,A,A-,A-,A,A,A+,A,A,A-,B-,A,B,A,A-,A,B,A,3.848
CS-97050,A-,A-,A,A-,A-,A+,A-,A,A,A-,B,A,A-,A,A-,B+,B+,A,A-,A+,C+,A,A,B-,A-,C-,B,A-,A-,A+,B+,A-,C+,C+,B+,C-,A-,A,B+,D,A,3.404
CS-97051,C+,D,C,D,D+,B,A-,C-,C,B-,C+,B,D,C+,D+,C,D,C+,C-,D,D+,C-,C+,D+,C,C,C,B,B+,C,C,C+,B-,C-,C-,C,B+,A,B-,B-,A-,2.254
CS-97052,C-,B,B-,B-,B,B+,D,B-,B+,D,B,A-,C-,B+,C-,B-,C-,B+,C,B,C,C+,B,C-,B,C,B-,C+,B-,B-,C+,C+,D+,B-,C+,C-,A-,A-,B+,B,A-,2.655
CS-97053,B-,C+,B,C+,A-,C+,A,C+,B,C+,C+,A-,A,B+,A-,A-,B,A-,B,B+,B-,B+,A-,B,A-,B,B+,C-,B+,A-,B-,B,C+,B-,B-,B-,A,A,B,B,A-,3.106
CS-97054,B-,B-,C,B-,C-,A-,C+,B-,A-,A-,A,B,C+,B+,B,B-,B+,A,B,A-,C+,B-,C+,C-,B-,B+,B-,D,A,C+,B-,C-,D+,C-,D+,C,A-,A,B-,B,A-,2.793
CS-97055,A-,C+,A,C-,A,B+,B-,A,A-,A,D+,A-,A-,A-,B,B-,C-,B,C,A,C,B,B,C,B-,C-,B+,C+,A,A-,B-,B-,C-,C+,B-,B-,A-,A,B+,A-,A-,3.023
CS-97056,B+,C+,B,C-,A,B+,B+,C,A-,A,A-,A-,A-,A-,A-,A-,C-,B,C+,A-,B+,A-,B,D+,B+,C+,B-,C+,B+,A-,B-,C,D+,C,B-,C-,A,A-,A-,B-,A-,3.01
CS-97057,A,B,A-,B+,A,A-,C+,A-,A-,B,C,A-,A,A,A,A-,A,A,A-,A+,A-,A,A,C-,B+,B-,B,B+,A-,A,C+,A-,B,C+,B+,C-,A-,A,A-,C+,A,3.4
CS-97058,D+,C-,C-,D,D,B-,C+,C+,D,D,C-,D,C-,C,D,D+,D+,A-,C,D+,D,D+,A-,C-,D,A-,C-,C-,B-,C-,D,D,C,D+,C,C+,A-,B-,B,D+,C-,1.899
CS-97059,B+,B,C+,A-,A-,A-,C-,B,A-,B+,B-,A,A,A-,B,B,A-,A,B-,A-,B,B,B+,C-,A-,C,B,C+,A,B-,B,B+,B-,A-,B-,C-,A-,A,B-,B,A-,3.168
CS-97060,A-,B-,C,D+,C-,B+,C-,B-,A-,A,D,A-,D,A-,B-,B-,B-,B-,D+,A-,D,D+,C-,D,B-,C,B,D+,A-,B,C+,B-,D+,C+,C-,C-,B+,A-,B,B+,A-,2.57
CS-97061,C,B+,WU,D+,C-,B-,F,D,A-,B,I,WU,WU,,,,WU,I,I,WU,,,,,,,,,,,,,,,,,,,,,,2.418
CS-97062,A-,B-,C,C-,B-,B-,D,C,B-,B+,C-,A-,C,A-,C-,C+,C+,C-,C-,A-,D,B-,C,B-,B,C,B-,C+,A-,B,C-,B-,D,C+,C-,C-,A-,A,B,B+,A-,2.564
CS-97063,B,C-,B,D+,B-,C+,C+,C,A-,C-,D,A-,D+,A-,C+,B+,D,D+,C-,B+,D,C-,D+,D,B+,C+,B-,C,A-,B-,C,B-,B-,C-,C,C+,A-,A-,B-,B-,A-,2.468
CS-97064,A-,B-,A,B+,A,A,B,A,A,B-,A-,A,A,A,A-,A,A,A,A,A+,A,A,A,A-,B+,A,A,A-,A,A,A,A,A-,A-,A-,C+,A-,A,A-,A,A-,3.769
CS-97065,B-,B-,A-,D+,C+,A-,C,A-,A-,C-,B-,B-,A-,A-,B+,B,A-,A,B-,B-,B,A-,A-,C+,C+,B-,C+,C,A-,A-,C,B,C,C+,B-,C,A-,A-,B-,A-,B+,2.999
CS-97066,A-,B-,B-,D,C,B+,C,B-,A-,B+,C-,A,D+,B+,B-,B,C+,B-,B,A-,C,C,D+,C,B,B-,B,D+,A,C+,C-,B,D+,B-,B-,B-,A-,A,B,B,A-,2.768
CS-97067,A-,C-,C,D,C+,B,D,C+,B-,B,B-,B+,C,A-,C-,B+,C-,C,B,A-,C+,C,B,B-,B+,C+,B,C+,A-,A-,A-,B,C,C+,B-,C+,A-,A-,B+,B+,A-,2.822
CS-97068,A-,C-,A-,C-,A-,A,D+,A-,A-,A-,C,B,A-,A-,B+,A-,B,A-,B-,A-,B-,A-,B+,D+,B-,B-,B,B,A,A-,C+,B+,C-,B-,C+,B-,A-,A,B,A-,A,3.189
CS-97069,B,C,B+,C-,B+,A-,A,A-,A-,A-,A-,A-,C-,A-,D,B,D+,A,B,A-,C-,D+,B,C-,A-,D,C,D+,C-,B-,C+,B,C+,C-,C-,C-,A,B+,B-,C+,A-,2.715
CS-97070,A,C-,A,B-,A,A-,B-,A-,A-,A,B-,A,A,A,A,A,A-,A,B,A,A-,A,A-,C,B-,B+,A,B+,A,A,A-,A-,B-,B,A-,B-,A-,A+,A-,A-,A,3.578
CS-97071,A-,B+,A-,B+,B,A,A-,A,A-,A,C,A,C,A,A-,A,B+,A-,B+,A-,B+,A-,B,C,A-,A-,A-,B+,A-,A-,A-,A-,B-,A-,A-,C,A-,A,A-,B,A-,3.49
CS-97072,A-,B,B,C-,A-,A,B-,B+,B-,B,C,A-,C,A-,A-,A-,B,A,A-,A-,A-,B+,A-,D,C,C-,B,D+,A,B,C+,A-,C+,D+,D+,D+,B-,A,C,C+,B-,2.805
CS-97073,A-,C+,A-,C+,B-,A,B,A-,B+,A-,B+,A-,C+,A-,A-,A-,B+,A,B,A,A-,A,A-,C+,A-,A-,A-,B-,A-,A-,B+,A-,B-,B,A-,C+,A-,A,B+,A,A-,3.458
CS-97074,A,B-,B+,D+,D+,A-,D,B-,A-,A,C-,A,C,C+,C-,C-,D,C-,D+,C-,D,D,D+,C-,C+,B-,C+,D,B+,C,D+,C,C,C+,C,D+,B+,B+,C+,C+,A-,2.34
CS-97075,A-,B-,B,B-,D+,A-,C,A-,B,A-,C+,A-,B,A,A,A,B-,A-,C,A,B,B+,B+,C,B+,A-,A-,B-,A,B+,B+,B+,C+,A-,B,C+,A-,A,B-,B,A-,3.252
CS-97076,B-,C-,B,D,B-,C+,C-,B-,C,C+,B,B-,C+,B-,B,B,B+,B+,C+,A-,D,D+,C-,D+,B-,B+,B,C,A-,C+,B-,B,C,B-,B-,B-,A,A,B,B,B+,2.683
CS-97077,A-,C+,B+,B,C+,A-,B,A-,A-,A-,B-,A-,B+,A-,A-,A-,C,A-,A-,A,C+,C+,B,B-,A-,A-,A-,B,A-,B+,A-,A-,B,A-,A-,C+,A-,A,B,A-,A-,3.378
CS-97078,A-,B-,A,C+,B-,A-,C+,B,A-,B-,C+,A,A-,B+,B-,A-,C+,A-,B-,A-,B-,B-,B,B-,A-,A-,A-,C,A,A-,A-,B,C,A-,A-,A-,A,A+,B,A,A,3.295
CS-97079,B,C,B+,B,A,A-,B-,A-,A-,B-,C-,A,A-,A,A-,A-,B-,A-,B,A-,B,B-,A-,D+,A-,A-,B,C,A-,A,B+,B+,C,B+,B-,B-,A-,A,C+,B+,A-,3.193
CS-97080,A,B-,A,B-,A,A-,A,A,B,A,B-,A-,A-,A,A,A,A,A,B+,A,A-,A,A,B-,A-,A-,A-,A-,A+,A,B,A-,A-,A-,B,B,A-,A,A-,B+,A,3.647
CS-97081,D+,B-,C-,D,D,B+,A-,B-,B,C,B-,A-,C-,A-,B-,B+,B-,B+,B+,B+,B-,B-,C+,C,B+,B,B+,C-,B+,B-,B,B-,C+,C+,C+,B-,A,A,B+,B,A-,2.815
CS-97082,C,C,C-,C,D,B+,D,C-,B,C-,C+,A,D,C+,D,B-,D,A-,D+,C-,B-,D+,A,C+,C-,D,A-,D+,A-,D+,C-,C+,D+,C,D+,C-,B-,A-,C,C-,B-,2.171
CS-97083,A,B+,A,A-,A,A-,B+,A,A,A-,B-,A,A,A,A,A,A-,A+,A,A-,A,A,B-,C,A,A-,A-,B+,A,A,A-,A-,A-,A,A-,A-,A-,A+,A,A,A,3.761
CS-97084,B-,B-,A-,C+,B-,B,D+,A-,B-,B-,C-,A,D+,A-,D+,B-,C-,B+,D+,B,D+,C-,B-,D+,A-,C,A-,D+,B+,B-,C,B-,D+,C+,B-,B-,A,A,A-,A-,A-,2.763
CS-97085,A-,C,A-,C-,B-,A-,C-,A-,B-,A,D+,A,C,A-,B-,B+,D+,B,B-,B+,B-,B,B-,C,C,B-,B,C-,A-,B-,B-,B,B-,B+,A-,B,A-,A-,B-,B-,A-,2.938
CS-97086,C+,D+,B,D,C+,D,D+,B-,C+,A-,D,A-,D+,B-,B-,C+,D,C+,D+,B,D,C-,C-,C-,D+,C-,C,C-,C-,C-,C-,C-,D+,D+,D+,D+,B,B+,C+,C-,A-,2.06
CS-97087,D,D,D+,B-,F,D,D,D,D+,D+,C-,B,F,D+,D,D,F,D,D,F,D,D+,F,D+,D+,F,D,F,C,D,D,D,D+,D,,,,,,,,1.261
CS-97088,C,C,B-,C+,C-,B-,D+,C+,C+,C-,A-,B,D+,A-,C+,C-,D+,C-,C-,B,D,D,B,D,B,A-,B+,D+,A-,B,B,C-,D+,C-,C-,C-,A-,A-,C-,B-,B+,2.378
CS-97089,B-,C+,B,C,A-,A-,B+,A-,A-,C,B+,A-,B-,A-,B+,C+,D+,C+,B-,A-,B-,B-,A-,C-,B+,C-,B,C-,A-,B-,B+,C,C,B-,C+,C,A-,A-,B,A-,B-,2.861
CS-97090,D+,B,D+,C-,D,B,D,C-,B-,D,B+,A-,D,C+,D,C+,B-,B-,C,D,C-,D+,B,B,B-,A-,B-,D+,B-,C+,C+,C+,C,C-,C,B-,A-,A,D+,C,A-,2.363
CS-97091,C-,B-,D,C+,D,D,C-,C+,C,C,D+,A,D+,B,D,C,D,C+,D+,C+,C-,D,C-,D+,A-,D,A-,D+,C+,C-,C,C+,D+,C+,C-,D+,A-,B+,C,C,A-,2.084
CS-97092,WU,C-,D,D,WU,D,D,D,C,D+,D+,B,F,W,WU,WU,F,F,F,D,WU,WU,,,,,,,,,,,,,,,,,,,,1.38
CS-97093,D,D+,D,D,D,C,B,C,C,D,C,B+,D+,C,B-,D+,D,C,D+,C+,D,D,C-,D+,D,B-,D,C,B+,C,C-,D+,D+,C-,C-,C-,A-,A-,B-,C,B-,1.89
CS-97094,A,B+,A,B+,A-,A,A-,A,A-,A,A-,A,A,A,B+,A,A,A+,A,A,A,A-,A+,A-,A-,A-,A,B+,A,A,A,A,A-,A,A-,B+,A,A,A,A-,A,3.861
CS-97095,C-,D,D+,D,D+,D+,D+,D,C,B,D+,B+,D+,C,D+,C-,B,D+,D+,B+,D,D,D+,D,B-,C+,D+,D+,D+,D+,D,C-,D,C-,C-,C,C+,B,C-,C-,B,1.805
CS-97096,A,B-,A+,A-,A,A+,A,A,A,A,A,A,A,A-,A+,A+,A,A+,A,A+,A,A+,A+,A-,B+,A,A,A+,A,A+,A,A+,A,A-,A,A-,A,A+,A,A-,A,3.925
CS-97097,A,B,A+,B,A,A+,A,A,A,A,A-,A,A-,A,A+,A,A+,A,A,A,A,A,A,A,A-,A,A,A,A+,A+,A-,A,A-,A,A,A-,A,A+,A,A,A,3.919
CS-97098,A,B-,A,A-,B-,A-,B-,A-,A-,A-,C,A,A-,B+,A-,A-,B,A-,C+,A-,B,B,B,B-,A-,C+,A-,C-,B,A,B+,B+,C,B+,C+,C+,A-,A,A-,A-,A-,3.258
CS-97099,A,B+,A+,A,A+,A,A-,A,A,A,A,A,A+,A+,A+,A+,A,A,A-,A+,A,A,A+,A-,A,A,A,A,A+,A+,A,A,A,A,A+,A-,A,A+,A+,A,A+,3.963
CS-97100,C+,C,A-,B-,B-,C-,D,B-,C+,C,D,A,A-,A-,A-,C-,C+,B-,C+,A,C-,D+,C+,D,C+,D+,C+,D+,A,C+,B+,C,D+,B-,D+,C-,A-,B+,C,D,B+,2.396
CS-97101,A,C+,A-,C,A,A+,A,A,A-,A,A+,A,B+,A,A,A,A,A+,A,A+,A+,A+,A+,A-,A-,A-,A-,A-,A,A-,A-,A-,A,A-,A-,B,A,A+,A-,A-,A,3.772
CS-97102,D,C-,D+,D,B-,D,C-,C-,C-,C,D,D,D,C+,D+,B-,D+,D,D,D,D,B-,D+,B-,D,D,C+,A+,D,A-,B,B-,D+,B-,C+,D,D,C-,C-,D+,C-,1.768
CS-97103,A-,C,A-,B-,C,B-,A-,A-,C+,A-,C+,A,C+,A-,B,A-,B-,A-,C,A-,B+,A-,B-,B,A-,C+,B+,C,A-,B,B-,B+,B-,B,A-,B,A-,A,A-,B-,A-,3.176
CS-97104,B+,B-,A-,B+,B-,A-,B+,B+,A-,A,C+,A-,B,A-,C-,A-,B+,A-,A-,C+,B,B+,B,C-,B+,A-,A-,C+,A-,B+,A-,A-,B,B,B+,B,A-,A,A-,A-,A-,3.335
CS-97105,A,D+,A,C+,A+,A-,B+,A,A-,A,B+,A,A,A,A+,A,B+,A+,A,A+,A-,A,A,B-,B+,A,A,A,A,A,A-,A-,B,A,A-,A-,A,A+,A,A,A,3.758
CS-97106,A,C-,A,C+,D,A-,C,A-,A,A-,C+,A-,B,A,A-,A-,A-,A,A-,A,B,B+,B,C,B+,C+,B+,B-,B-,A-,B-,B+,B,B,B,C,B-,A-,B+,A-,A,3.208
CS-97107,D+,D,C-,D,D,D+,C-,C,B,C,D,B,D,B-,D,B-,D,D+,D,D+,D,C,C-,D+,B-,D,C,D,C-,C-,D+,C-,D+,D,C-,D+,A-,A-,C+,C-,B+,1.845
CS-97108,A-,A-,A,A,A+,A,A,A,A,A-,A,A,A,A,A,A+,A,A+,A,A+,A+,A,A,A-,A,A,A,A,A,A+,A,A,A,A,A,B+,A,A,A,A-,A,3.946
CS-97109,A-,C,A,A-,B+,A-,D+,A-,A,A-,C-,A+,B,A-,A,A-,C-,A-,C+,A+,B-,B+,B-,C-,A-,C+,B,B-,A-,A-,C+,B+,C-,B,B-,B-,A-,A,A-,A-,A,3.195
CS-97110,C+,D+,C+,C-,C-,B-,C-,D+,B+,C+,D,A,C,B+,C-,B,D+,B,C-,D,C-,D+,B,C+,B-,B,B-,D,C-,B,B-,C+,C,C-,C,C-,A-,A-,B-,D+,B-,2.3
CS-97111,A,B-,B+,A-,A-,A+,A-,A-,A,A,B+,A,A-,A,A-,A,A-,A,A-,A+,A-,A,A,C+,A,A-,A,B,A+,A,A,A-,B+,A-,A-,A-,A,A+,A-,A,A,3.759
CS-97112,A-,C-,A,B,A,A,C+,A,A-,A-,B,A,A,A,A,A,A-,A,B-,A+,B+,A-,A-,D+,A-,B+,A-,B-,A,A-,B+,A-,C+,A-,A-,B-,A-,A,A-,B,A-,3.516
CS-97113,B,C-,A-,C+,C,C-,D,C+,B-,B+,D,A,D,A-,C,C,D,D+,D,C-,D,D,C,B-,C+,D,C,D+,C,C-,D,C-,D,C-,C-,D+,B+,A-,B-,C-,B+,2.087
CS-97114,A,D+,A-,D+,A,A-,D+,A-,A-,C+,B+,A,B-,B+,A-,B,B-,A-,A-,C-,C+,B-,A-,C-,B+,B,A-,C-,A,B,B,B,C,B,C,C+,A,A,B+,B+,A-,3.137
CS-97115,C+,C-,D+,C,C-,B,D+,C,C,C-,B+,B-,C-,C+,D+,C,D,C-,D,D,D,D+,D+,D,C,C+,C,D,C-,D+,A,C-,D+,D,D+,C-,B,A-,C,C,A-,2.011
CS-97116,B-,B-,C,B-,C+,C+,D+,C+,A-,C,B-,A,D+,A-,C-,B+,D,C,D,C+,D+,D+,C-,C-,A-,B-,A-,D+,B-,B-,C-,B-,C-,B,B-,C,A-,A,B-,B+,A,2.566
CS-97117,A-,C,A-,B+,B+,A,D+,A-,A-,B+,B-,A-,C,A-,A-,A-,A-,A,B-,A,A-,B-,B-,D+,B-,C+,B-,C-,B,C+,C,B+,C-,B-,C,C-,A,A-,A-,B-,A-,2.999
CS-97118,B,C-,C-,C,D,C+,D,B-,A-,C-,D,A,D,B-,D+,C,B+,D,D,D+,C-,C+,D,D+,A-,D,C-,D,B-,D,D+,C,D+,D+,D+,C-,B,A-,C-,B-,B+,1.993
CS-97119,A-,D+,A-,B,A-,A-,B-,A-,A-,A-,C-,A-,B+,A,A,A,B-,B+,C+,A-,B+,A-,A-,C-,B+,A-,A-,C+,A,A,B,A-,C+,A-,B+,B-,B,A,B,A-,A,3.334
CS-97120,D,A-,D,C-,C+,C-,D+,C,D+,C,C+,A-,C-,B+,D+,C-,D,D+,C-,C-,D,D,B-,C+,B,B,C,D,C-,B,B-,C-,D+,D+,D+,D+,A-,A-,C+,C+,C+,2.056
CS-97121,B,B-,C+,C-,A,A-,C+,C+,B-,B+,D+,B+,D+,B,C,B-,D,C+,D+,B,B,D,A-,D+,B,C,B-,D,A-,B,A,C-,C+,C-,D+,C,A-,A-,B,B-,B-,2.552
CS-97122,C+,B,B-,C-,D+,B-,C+,C+,B-,B+,B-,A,D,C,C-,D+,D,C+,C-,D+,D,D+,D+,C,B,D,C+,D+,C-,C-,D+,C-,C-,D,D+,D,A-,B+,C,C-,C,2.028
CS-97123,B+,B-,B+,B-,D,A-,C+,A-,A-,A-,C-,A,B+,B-,A-,A-,C+,A-,B+,A-,B+,A-,B+,B-,A-,B+,B,B-,B,B,B-,A-,B-,B,B-,B,A-,A,B-,B,A-,3.189
CS-97124,B-,D,C+,C+,D,B+,C+,B+,B+,B-,B+,B,A-,B-,D+,A-,C+,A,B-,A-,B,C-,B+,D,C+,D+,C+,D+,B-,D+,C-,B+,D+,C,B-,C-,A-,A-,C,C+,B,2.58
CS-97125,A-,B+,A-,B,A,A,B+,A-,A-,A,B+,A,A,A-,B+,A,A-,A,A-,A,A-,A-,A,C,A-,A-,A-,B-,A,A,A-,B+,B+,A-,A,B-,A-,A,A-,B+,A,3.651
CS-97126,A-,D+,A-,D,A+,B-,D,B+,A-,A-,D+,A,A,A-,A-,B-,C-,C+,B-,A-,C+,C+,A-,D+,B,B-,B,C,A,A-,B+,C+,C,C,C,C,A-,A,A-,B,A-,2.928
CS-97127,A-,D,A-,B,B+,A,D+,A-,A-,A-,D+,A,B-,A-,C,B-,C+,B-,C-,A-,B-,C,B,D,B-,D+,B-,C-,B-,B-,C,B,C-,C,C,C-,B+,A-,C+,C-,A-,2.659
CS-97128,B+,B-,A,B,B,A-,D+,A-,B,B,C-,A-,A-,A-,A-,A-,B+,B-,A-,B-,A-,B,A-,B-,A-,B-,B,D+,A-,B+,B-,B-,C+,B+,B+,C+,B,A,A-,B+,A-,3.174
CS-97129,A-,C,B-,B,C,A,B+,A-,A-,B-,A,A-,B-,A,C-,A-,B-,A-,C+,B+,B-,C,B,C,A-,C,B-,C,A,B,B-,A-,C+,C,B,B-,A,A,B-,B,A-,3.03
CS-97130,C,D,B-,C-,D+,B,D+,C,C,C-,D+,A,D+,B+,B-,B,D,B-,C,C+,D,D+,C,C,B+,D+,B+,D+,A,C-,C-,B-,D+,C-,D+,C-,A-,B+,C,C+,B+,2.208
CS-97131,B+,C-,B-,D+,B-,B+,D+,A-,B,A-,C,A,B-,B,B-,B,C-,B+,B-,B,C,B-,B+,C-,B,C-,B+,C-,A-,B+,D+,D+,C-,C+,C-,C,A,A-,B-,C,A-,2.698
CS-97132,A-,C-,B+,B-,D+,A-,C-,B+,A-,A-,C-,A-,A-,B+,C+,B,C+,B-,D+,B-,C-,B-,C+,D+,B-,B,B+,C-,A,B-,B+,B,C-,B-,C,C,A-,A,B-,B-,A-,2.823
CS-97133,A-,C,B-,D,D,B-,C,B-,A-,A-,D,A-,C+,B,B-,B-,D+,B,C-,C-,D+,C+,C,D,B-,D+,A-,D+,A-,C,D+,B,D+,C,C-,C-,A-,A-,C,D+,A-,2.407
CS-97134,B-,C-,C-,D,C-,A-,C+,D+,D+,C+,D,A-,B-,B-,D,B,B,B,C+,A,C,B-,B,C-,B-,D+,B-,D,A-,B-,C-,C+,C,C,C,C,A-,A-,C+,C,B+,2.379
CS-97135,A-,D+,B+,D,C,B+,C+,B,B,B,A-,B,D+,C+,C+,A-,B-,A-,C,B,D+,C-,B-,D+,B-,D+,A-,D+,A-,B,C-,B-,D+,C+,C,C-,A-,B+,C,C+,B,2.579
CS-97136,A-,D+,A-,D+,B,A,C,A-,A-,A,C+,A-,A,B+,C+,B+,C+,A-,B+,A-,C,C,C+,D+,C+,D+,A-,D+,A-,B,C+,B-,D+,C+,D+,D+,B,A-,C+,C+,B-,2.711
CS-97137,D,D+,C-,D,C-,C-,D,C-,B-,C-,D,C+,D+,C,D,D+,C-,D,C-,C+,D,D,C,D+,C-,D,D+,D+,B,C-,D,D,C-,C-,D+,C-,A-,A-,C,D,B-,1.714
CS-97138,C-,C+,WU,WU,WU,B,WU,WU,A-,C+,WU,,,,,,,,,,,,,,,,,,,,,,,,,,,,,,,2.653
CS-97139,D+,D+,C,D+,D,C-,D+,D,D+,D+,C-,A-,D,D+,D,D,D,D+,C-,D+,D,B-,C-,D+,C+,D,C-,D+,C,D,C,A-,C-,C+,C-,D,B+,B-,C,D+,B,1.749
CS-97140,D+,D,C,C-,D,D,D,D+,C+,D,C-,A-,D,C,D,D+,B,C-,D+,D+,C-,D,A,D,D,D,D,D,D,D,D,D,D+,C+,D,D+,B-,B,D+,D+,B-,1.708
CS-97141,A,B-,B+,B,A-,A-,A,A,A,C-,A-,A-,C,A-,B-,B-,A,A-,B-,A,B,B-,B,C+,B-,A-,B,B,A-,A,A-,B+,B-,B,A-,C+,A-,A,A,A-,A,3.363
CS-97142,D+,B+,D,C,D,C+,B-,D,C,D,D,B-,D,D+,D+,D+,D,D,D,D+,D+,B-,B-,C-,C,D,A-,C+,D,B-,C-,D,C,C-,D+,D+,D+,C,C-,B,C+,1.763
CS-97143,C+,B-,B,A-,A,A-,C,WU,A-,,D+,,,,,,,,,,,,,,,,,,,,,,,,,,,,,,,2.943
CS-97144,D,D,WU,WU,WU,D,WU,WU,D,WU,WU,,,,,,,,,,,,,,,,,,,,,,,,,,,,,,,1
CS-97145,A+,A-,A,A+,A,A,A,A-,A,A-,A+,A,A+,A,A,A+,A,A,A,A,A-,A,A,A-,B,A,A,A+,A+,A,A,A,A-,A,A+,A-,A-,A,A,A-,A,3.906
CS-97146,A+,A,A+,A+,A,A+,A,A,B,A,A+,A,A,A,A,A,A-,A-,A,A-,A,A-,A-,B,B+,A,A,A,A,A,A,A+,A-,A,A,A-,A-,A,A,A,A-,3.873
CS-97147,A-,C+,A,A-,B-,A,B,C+,B,C-,A,B+,A-,A,A,C+,C+,D+,C+,A-,C+,B-,B-,B-,A-,C,A-,A-,A,B+,A-,A-,C,A-,A-,A-,A-,A,A-,B,A-,3.217
CS-97148,A-,A-,A-,C-,C+,A,B+,B+,A-,D,A-,A-,A-,B,C-,B-,D+,C,C-,B-,D+,C,D+,C,C+,C-,B,B-,B+,B-,B+,A-,C-,C-,D+,D+,A-,A-,C,C,B+,2.603
CS-97149,A,A-,A,A,B,A-,A-,B+,B,A,A,A-,A,A,A-,A-,A-,A-,A-,A-,A-,A-,B+,B-,B+,A-,A-,A-,A-,B,A,A,A-,A-,B+,B+,A-,A,A-,B,A-,3.625
CS-97150,A+,B+,A,A,A-,A+,A-,B+,A-,A,A,A-,A-,A+,B-,B,B-,A-,A-,A-,B-,B-,D,C+,A-,B-,A-,A,A,B,A-,A-,B-,B,C+,C+,A-,A,A-,B,A-,3.366
CS-97151,A,B-,A,A,B+,A,A-,B,A-,B,A,A-,B,A+,A,A-,C-,B,B-,A-,B-,B+,A-,C+,A-,B+,A,A,A-,B+,A-,A,C+,A,A-,B+,A-,A,A-,A-,A-,3.513
CS-97152,A-,C+,A-,A-,B-,A,B-,C-,C,B-,A-,B+,C,B+,B-,C-,D+,C,B-,B,C-,C,C-,B-,C+,C+,B-,C+,A-,B+,B+,A-,D+,C+,B-,C-,A-,A-,A-,D+,C,2.631
CS-97153,A-,A-,A,A+,A-,A,A,C+,A,B+,A,A-,A,A,A-,A-,C,A-,C+,A-,B-,C+,D,B+,C-,B,B+,A,A-,B+,A-,A-,B+,B-,B,B+,A-,A,A-,C+,A-,3.365
CS-97154,A,B,A-,B,B+,A-,C-,A-,B+,C-,A,B,C+,A-,C+,B-,C-,C-,B-,B+,D+,B-,D,B-,B+,B-,A-,B,A-,B+,A-,A-,C,C,B,C+,A-,A,B-,C+,B+,2.936
CS-97155,A-,A-,A-,B-,B,A-,B-,A-,B+,D,A-,B,C,A,C,C-,A-,D+,D,A-,D+,D+,D,C-,A-,D+,B+,C-,B+,C+,B+,A-,D+,C,D+,C+,B+,A,C-,B-,B,2.603
CS-97156,A-,A-,A,A,A-,A,A-,B+,C,B,A+,A,A-,A-,D+,A-,C-,B+,A-,A-,B+,B,C+,B+,B+,A-,A-,B+,A,B+,A-,A-,B,B-,C+,C,A-,A,B,C,A,3.254
CS-97157,A+,A-,A-,A+,A-,A,A,A-,A-,A-,A,B+,A,A,A-,A,A-,A-,A-,A-,A-,A-,B-,B,B,A,A-,A-,B+,B,A,A,A-,A-,B+,B,A-,A-,A-,C+,A-,3.662
CS-97158,A-,B-,A-,A,B-,A,B,B+,B,B+,A-,A-,A-,A-,B-,A-,B+,A-,B+,A-,B+,A-,C,B,B+,C+,B,A-,A-,A-,B+,B+,C-,B-,C+,C+,A-,A-,B-,C,A-,3.182
CS-97159,A-,A-,A-,A,A-,A,A-,A-,B-,B-,A-,B-,C+,A+,D+,A-,C,B+,C,A,A-,B-,B,C-,A-,C,B+,B,A-,B+,A-,A-,D+,B-,B-,B-,A-,A,B,C+,A-,3.114
CS-97160,A,D+,A-,A+,A-,A,A,A,B+,B,A+,A-,A,A,A+,A,A,B+,A-,A,B+,A,A-,B-,B+,A-,A,A,A,B,A,A,A-,A,A,B+,A-,A,A,A-,A,3.725
CS-97161,A,A,A,B+,A,A,B+,B,C+,B+,A,A-,B,A,D+,A-,C-,B,B,B+,A-,A-,B-,B,A-,A-,A-,B-,A-,B-,A,B+,C,B,B-,C+,A-,A-,A-,C+,B+,3.261
CS-97162,A,A-,A-,B+,A-,A,A-,B,B-,A-,A,A-,A,A,B-,A-,A-,A-,A-,A-,A-,B+,C+,B-,C,A+,A,A-,A-,A-,A-,A-,A-,A,A-,D+,A-,A-,A-,C+,B,3.5
CS-97163,A,B-,A,A+,B,A+,A-,A-,A,A-,A+,A-,A-,A,A,A-,B-,B-,A-,A-,B+,A-,B,B-,C,A-,A,A,A,B,A,A,B+,A,A-,B-,A-,A,A-,B-,A-,3.571
CS-97164,A,B-,B+,A,B,A,A,B-,B,B-,A,A-,A-,A,A-,B+,C-,B-,C,A-,B,B,B-,B-,B-,B,B+,A-,A,B+,A-,A-,C,B+,B,C+,A-,A-,B,C,A-,3.227
CS-97165,A,B+,B,B,A-,A,B+,C+,B+,B-,A-,B,B-,A,B-,A-,C,B-,C+,A-,C,C,C,C,C+,C+,B+,B-,C+,B,B,A-,C,C,B-,C+,A-,A-,B-,C+,A-,2.918
CS-97166,A,A-,A,A,A-,A+,A,B-,B+,A-,A+,A,A-,A,A,A,A-,B+,A-,A-,B+,B+,C,C+,B+,A-,A-,A-,A-,A-,A,A-,B+,A-,B+,B,A-,A,A-,A-,A,3.625
CS-97167,A+,B+,A,A,A-,A+,A,C+,B+,A-,A,A,A-,A,A,A,B,A-,B+,A,B+,A-,B-,B+,B-,A-,A,A-,A-,A-,A-,A-,B+,A,A-,A-,A-,A,A-,A-,A,3.672
CS-97168,A,A-,A-,C+,A-,A-,A-,B,B+,A-,A-,A-,B-,A-,C,A-,C-,B,B-,B+,B-,A-,C-,C+,B-,B,A-,A-,B+,B-,A-,A,B-,B+,A-,C-,A-,A-,B+,B-,A,3.241
CS-97169,A,C+,A-,A+,C+,A-,B,C,B+,D+,A,A-,B,A+,A-,C+,D+,D+,C-,B-,C-,B+,C-,B-,B+,C,A-,A-,A,B-,B+,A-,C-,B-,A-,B,A-,A,B-,B-,A,2.982
CS-97170,B+,A-,A-,A-,A-,A-,B-,B+,B-,B,A,B,A-,A,B+,A-,B-,B+,A-,A-,C+,C+,C-,C+,B-,B,A-,A-,B,A-,B,A-,B,B,B+,C-,A-,A-,A-,B,B+,3.246
CS-97171,A,A,A-,A,A-,A+,A,A-,C+,A,A+,A-,A,A,A-,A,A,A-,A,A-,A-,B+,A-,A-,B-,A,A,A,A-,A-,A,A,B+,A+,A,B,A-,A-,A,A-,A-,3.759
CS-97172,B-,C+,A-,A-,B-,A,C,B-,B-,D+,A-,C+,D+,B-,D,A,B,A,D,C,D,B-,D,C-,C,D+,B-,D,D+,C,A-,B-,C+,D,D+,C,A-,A-,D+,D,B,2.35
CS-97173,A-,C-,B-,A-,C+,A-,B,C+,A-,C,A-,C+,B,A,C-,B,C+,C-,C,B+,C-,A-,B-,B-,C,B-,A-,B-,A-,B-,A-,A-,B-,B-,B+,B-,B+,A,C+,B+,A,2.947
CS-97174,C,B,B,D+,B-,A-,C-,D+,C-,D,B,A-,D,A-,D,C,D,D+,D+,B-,D+,D+,D+,B-,B-,C-,B,B-,B-,C+,B+,B+,A-,C-,C+,C,A-,A,C+,B-,A-,2.394
CS-97175,A,B,A,A+,A-,A+,A-,A-,A,A-,A+,A-,A,A,A-,A,B+,A-,A-,A-,B+,A-,B+,B,B-,A-,A,A,A,A-,A-,A,A-,A-,A-,A-,A-,A,A-,A-,A,3.723
CS-97176,A-,C+,A-,A,B,A,A-,B,A-,B-,A+,A-,A-,A,A,A-,C+,B,C+,A,B-,B+,D,C+,A-,C+,A-,A-,A,A-,B+,A-,B-,B-,B,B,A-,A,A-,C-,A,3.266
CS-97177,A-,C,B+,B,B+,A,A-,B,A-,D+,A,C,A-,A-,B+,C+,C-,C-,D+,A-,D+,C,D+,D+,B,D+,C,C+,A-,B+,B,B,D+,D+,D+,D,B,B+,C,D+,B+,2.528
CS-97178,A,B-,B+,A,A-,A,A,B+,B+,A-,A,A-,A,A-,A-,A-,B-,B,A-,A,B+,A-,B-,C,C,A-,B+,A-,A-,B+,A-,A-,C,C+,B+,B-,A-,A-,A-,B-,A,3.369
CS-97179,A,A-,A-,A+,B+,A,A-,B,A-,A-,A-,C,A-,A-,B,B,A-,B+,B,A-,B+,B-,B-,D+,B,C-,B,B-,A-,B+,C+,B,C-,C-,C-,C+,A-,A-,B+,C-,A-,3.044
CS-97180,A-,B+,B-,A+,B+,A-,B+,B,C,A-,A+,B,A-,A-,C+,A-,C-,B,C,A-,B-,C+,C-,C-,C-,B-,B,A,A-,B+,C+,A-,C,B+,A-,C+,A-,A-,B-,B+,B,3.076
CS-97181,A-,B+,B,A-,B,A-,B-,B,C+,B-,A,A-,A-,B+,C+,B-,D+,C+,C-,A-,C,B-,D,B-,B-,D+,B,C,B,A-,B-,A-,C-,C-,B-,C-,A-,A,C+,C,B+,2.749
CS-97182,C,A-,C-,A,A-,B,A-,A-,C-,A-,A,C+,A-,A-,B-,A-,A-,A-,B,A-,A-,C,A,C+,C,C,B+,B+,C,B+,C+,A-,C+,C,B-,D+,A-,A-,A-,C,B+,3.074
CS-97183,A,A-,A-,A,A,A-,A,B,A-,A-,A+,A-,A,A,A,A-,B+,A-,A-,A-,A,A-,B+,B,A-,A-,A-,A,A,A,A-,A,B-,A,A,B+,A,A-,A-,A-,A-,3.736
CS-97184,A-,D+,B-,C+,C+,B,D+,C-,C-,D+,B+,A-,C+,B+,C-,C-,D+,C-,D+,A-,D+,C-,A-,C,B-,D+,B-,C-,B+,C+,B-,A-,D,A-,C-,B-,B+,B+,D+,D,B,2.311
CS-97185,A-,B+,A-,A-,B+,A-,B+,B-,B,C-,A,A-,B-,A+,C,B+,C-,B-,C-,A-,B-,C+,D+,B-,B,C+,A-,B,B,B,B+,A-,D,C+,C+,B,A-,A,C,B,A-,2.971
CS-97186,A,B+,A-,A,A-,A-,A-,B-,B-,A-,A+,A,A,A-,A-,A-,B,A-,A-,A,A-,B-,B-,B-,A-,A-,A,A+,A-,B,A-,A,A-,A,A,B-,A-,A-,A-,A-,A-,3.585
CS-97187,B-,C,B-,C+,C,B-,D+,D+,C,D,C+,D+,D,C,D,D,C,D+,D+,B-,D+,C+,A-,C,C,C-,D+,D,B-,C+,B-,C,B+,D,B,C,B,B+,B-,D+,C+,2.053
CS-97188,B,A-,B+,B-,B,A-,B+,B+,D+,B,B,C+,D+,A,D,B,D+,A-,B-,A-,A-,C+,D+,C-,B,C+,A-,C,B-,A-,A-,A-,B-,C+,B+,C+,A-,B+,B,B,B,2.895
CS-97189,C+,A-,B+,B-,C,A-,B+,C-,C,C-,A-,C,D+,A,D+,B+,D+,B,B+,C,B+,C,C-,C+,A-,C+,B,C,B-,C+,B-,A-,C,B-,C+,D+,B,A-,C+,C+,B,2.634
CS-97190,B,C,B-,A-,D+,B+,C,D,B-,D+,B+,C-,C,B-,D,C,D+,D,C-,C+,C-,C-,D+,C-,B-,C-,B-,B-,C+,C+,A-,B+,D+,C+,B,C,A-,A-,C,B-,B,2.352
CS-97191,C,B,C-,C,C-,A-,D+,D,C-,C-,C,C+,D,C+,C-,C-,D+,D+,C-,B-,B-,D,A-,C,C+,C-,B-,D+,D+,C+,B-,B-,B,D,C,D+,A-,B+,C-,C-,B-,2.042
CS-97192,A-,B+,B-,B-,C+,A-,B,B,C-,B-,B+,C,B-,A,C,B,C,D+,D+,B,D+,C+,C+,B,B-,D+,B-,B-,B,B-,A-,B+,D+,C,B-,D,B+,B,C+,D+,B-,2.555
CS-97193,A+,A,A,A,A+,A,A+,A-,A-,A,A,A,A+,A+,B+,A,A,A,A+,A-,A+,A,A,B+,A-,A+,A+,A+,A,A,A,A,A,A+,A,B,A-,A-,A+,A-,A-,3.882
CS-97194,A+,A,A-,A+,A,A,A,B+,A-,A,A+,A,A+,A,A-,A,A,A,A,A,A,A-,B-,B,A-,A,A,A,A,A-,A-,A,A-,A,A,A-,A-,A,A-,A-,A,3.844
CS-97195,B+,B,B+,B,B-,A,B+,C-,B,B,A-,A-,B-,B-,D,D+,D,B-,D+,B-,C-,D+,B,D+,C+,D,D,C-,A-,C,D+,C-,C,D+,D,D,A-,B-,C-,B+,C,2.253
CS-97196,A,A-,A,A,B+,A,A,A,B+,A-,A+,A,A,A,A-,A,A-,B+,A-,A,A-,A-,C,B,A-,A-,A,A,A-,A-,A-,A,A-,A,A-,B,A-,A-,A-,A-,A,3.705
CS-97197,A,A,B+,A,A-,A-,A-,A-,B+,A-,A+,A-,A-,A-,B,A-,B+,A-,A-,A,B-,B,B-,B+,B,A-,B+,A-,B+,A,B+,A,C+,B-,B+,C,A-,A-,A-,B+,A-,3.451
CS-97198,A-,A+,A,A+,A-,A,A-,C,B-,B+,A,A,A-,A,B,A-,B-,B,B,B+,B,B,A-,B-,A-,C+,A-,A-,B+,A-,A-,A,B-,A-,B,B+,A-,A,B+,B+,A-,3.425
CS-97199,C,B,A-,D+,C+,A-,C-,D,C-,D,B,D+,D,C,D,D+,B-,D,C,C-,C+,D,B+,C,C,D,B-,B,C-,C,C+,B-,C,D+,D+,D,B-,A-,D+,D,B-,1.992
CS-97200,B-,A-,B,B-,C+,A,B-,C+,C+,C,A-,B,C,A-,C+,B-,C-,C+,B-,B+,C-,C-,D+,C,C-,C+,B-,B-,B+,B,B,A-,C-,C,B,C+,A-,A-,B,C,B+,2.648
CS-97201,A,C+,A-,A-,A-,A,B,B-,C+,B,B-,C-,C,C,C+,B+,C-,C,C,B-,B-,C-,D+,C,B+,C-,B,C-,A-,B-,B-,A-,C-,C-,C-,D+,A-,A-,C-,D+,B-,2.608
CS-97202,A-,A-,A-,A,A-,A-,B+,C-,B-,C+,A,C+,D+,A,C,B-,C-,C+,B,A-,B-,B-,C,B,A-,B-,B,C+,A-,B,B+,A-,C+,C+,B-,B,A-,A,B+,C+,B+,3.019
CS-97203,A+,A-,A,A,A,A+,A,B-,B+,A,A,A-,A-,A+,A,A,C+,A,A,A,A,A-,B-,B,A-,A,A-,B,A,A-,A,A-,B,A-,B+,B-,A,A,B+,B+,B+,3.623
CS-97204,A+,C,A,A+,B-,A,A-,B,B,B-,A+,A-,A,A,A-,B,C+,B-,C,A,A-,B,B+,A-,B+,B+,B+,A,A-,A-,B,A-,C+,A-,A-,B-,A-,A,A-,B-,B+,3.373
CS-97205,A,A-,A-,A,B,A-,A-,B,A-,B+,A+,A-,B+,A,A-,A-,C+,B,C+,A-,A-,B+,A-,D+,A-,C+,A-,C-,B-,C,A-,C,A,B-,B+,B,B+,C+,C+,C+,A,3.164
CS-97206,A,C,A-,A,C+,A-,C,C-,B,C-,A,B-,C+,A-,D+,C+,C-,C,C,B,C+,C-,C-,C,C,D,C+,C-,B+,C,C+,B+,D,D+,C,C-,A-,A-,C-,D,C+,2.347
CS-97207,B,C-,B,A+,C,A,B+,B-,B-,B-,A+,A-,B,A,C+,B+,C,B-,B,B,C-,A-,B-,C-,C+,B-,B+,A-,A-,B+,B,A-,B,C,A,A-,B,A,A-,A-,B+,3.094
CS-97208,A,A,A-,A,B+,A,A-,B-,A-,A-,A+,B+,A,A,A-,A-,C+,B+,B+,A-,A-,B+,B+,B,B-,A-,B+,A,A,A-,A-,A,B,A,A-,B+,A-,A,A-,B+,A-,3.597
CS-97209,A,A-,A,A+,A-,A-,A-,B+,A-,B+,A+,A,A,A+,A,A,B-,A-,A,A-,A,A,A,B+,A-,A,A,A+,A+,A-,A-,A,A-,A-,A,A-,A-,A,A,A-,A,3.809
CS-97210,B+,C+,A-,A+,B,A-,B-,B-,C,B-,A-,C-,A-,B+,B,B-,D+,C,C,A-,B-,B,A-,C,A-,C-,B+,C+,A,C,B,B+,D+,C+,B,C+,A,A-,B,C,A-,2.857
CS-97211,D,D,D,D+,D+,B+,D,D,C-,D,D+,D,D+,C-,D,D+,C,D,C-,D,D+,B-,A,D+,D,D+,D+,B,D+,C-,C-,C,C-,C-,C+,C,D+,C,B-,C-,C+,1.719
CS-97212,A,B-,B+,A+,C,A-,A,B-,B,B+,A,A-,A,A+,A+,A,A-,A-,A,A-,A-,A,A-,B,B-,A-,A-,A,A,A,A-,A,B+,B+,A,A-,A-,A,A,A-,A,3.645
CS-97213,B+,A-,B+,A-,B+,A-,C+,B,C,C+,A,B,D+,A,C-,B-,D+,C,C-,B+,C,C-,D,B-,C-,C,C+,B,B-,B-,B+,A-,C-,C+,A-,C+,A-,A-,B-,B-,A-,2.717
CS-97214,A+,B+,A,A,B-,A-,A-,B,B+,A-,A,A-,A-,A-,A-,B+,C,C+,B,A-,B-,B,C-,B-,A-,B,B+,B+,A-,B+,A-,A-,C-,B,A-,B+,A-,A,A-,B+,A-,3.345
CS-97215,B-,B-,B,D,D+,B+,C+,C-,C,D,B+,B-,D,B+,D,C-,B-,C-,D+,C-,D+,D+,A-,C,B,D,B-,C-,D+,C,C+,B+,D+,D+,C-,C-,A-,A-,C-,D,A-,2.129
CS-97216,A-,B+,A,A,A-,A-,A,B+,C+,A,A,B+,A-,A,C,B+,C-,B,B-,A-,A-,B-,B,C+,A-,C+,A-,C+,B,B-,B+,B+,C-,B-,C-,C,A-,B,C,C+,A-,3.075
CS-97217,B-,A-,A-,A,C,A-,A-,A-,C+,C,A-,A-,A-,A-,B+,B-,C+,C-,B+,A-,C+,C,B-,D+,A-,B-,B+,C+,A-,C+,B+,B+,B-,B-,C,C-,A-,A-,C-,B+,A-,2.931
CS-97218,D+,C,C+,D,D,B+,C-,C-,A-,D+,C+,D+,D,C,D,D,C-,D+,C-,D+,C,D,B-,D,C+,D,C+,D+,D,D+,C,C,D+,C-,B-,C,B,A-,C,D,A-,1.909
CS-97219,B-,B-,A-,A-,B,A-,A-,A-,B+,C-,A,A,B+,A,C-,B-,C,B-,B-,A-,C-,B+,D+,C,A-,B-,B+,B+,A-,C+,A-,A-,C,B-,A-,C-,C+,A-,B-,C+,A-,2.942
CS-97220,A,B-,A-,A,A-,A,A,B,A-,B-,A+,A-,B,A,A-,B,D+,B-,C+,A-,B-,A-,B-,C+,A-,B,A-,B+,A-,A-,A-,A,C,A-,A,C+,B+,A,B-,B+,A,3.325
CS-97221,C+,A-,A-,A,C,A+,B,B+,B,C,A,A-,A-,A,B-,C,D+,C-,B-,B-,B-,C+,A-,C,A-,B-,A-,C+,A-,C+,A-,B+,C,B,A-,C+,A-,A,B-,B+,A-,3.023
CS-97222,C-,C-,B+,D+,D+,B+,C-,C-,B,D+,B+,B-,D,B-,C-,C-,D+,D,D+,B-,D+,D+,A-,C,A-,D,B,D+,C+,C+,B,C+,C,B,C+,D+,B,A-,D+,C,B+,2.212
CS-97223,B,A-,A-,B+,C-,B+,B,B+,A-,D+,A-,C+,C+,A-,C-,C-,D+,D,C-,B+,D+,C-,A-,C-,A-,C-,B,C+,A-,C+,A-,B-,C-,D+,C+,C+,A-,A,B-,B-,A-,2.621
CS-97224,A-,B-,B+,C-,A-,A-,B,A-,B-,D+,A-,B+,B,A,C,C+,D,B-,B-,B,C,C+,C-,C,A-,B,B,B,C+,A-,B,B-,C-,B-,B+,C-,A-,A-,B-,B-,B,2.76
CS-97225,A-,A-,A-,B,A-,A,B,A-,B-,C-,A-,A,D+,A,C+,A-,A-,B+,B+,A-,B+,B+,A,B-,A-,C+,A-,B+,B,B-,A-,A-,B-,A-,B-,C+,B,A-,B-,A-,A-,3.229
CS-97226,A,B+,A-,B-,A-,A,B,B-,B+,C-,A,A-,A-,A,C-,A-,C+,C+,B,A-,B,C+,D+,B,A-,B+,A-,A-,A-,A-,B+,A-,B,A-,A-,B-,A-,A-,B-,A-,A-,3.269
CS-97227,A,A,A,A+,A-,A+,A,A-,A-,B+,A+,A-,A-,A+,A-,A-,C,B+,A-,A-,A-,A-,B-,C,A-,A,A-,A-,A-,A-,A-,A,B-,A-,A,B+,A,A,A,A,A-,3.664
CS-97228,B,B,A-,A,B,A-,B,D+,B+,D,B+,B,C-,A-,C-,B-,C+,C+,A-,B+,B-,C+,D,C-,A-,B-,B,D,B,C,B+,B,C-,C,B+,C-,A-,A,B+,A-,A-,2.756
CS-97229,B-,B-,B-,B+,C,B-,B,C,C+,D,A-,C,B,A-,D+,B+,D,D,C,B-,B-,B-,B-,C+,B+,B+,A-,A-,A-,B+,B-,A-,C,B-,A,B,A-,A-,A-,A-,A-,2.895
CS-97230,B-,B,C,A-,C-,A,A-,B-,B,D,A-,B-,B+,A-,C,C-,D+,C-,B+,B,D+,C,C,D+,A-,C-,B-,C,B+,C,B,B-,C-,C,A-,C,A-,A-,B-,B+,A-,2.644
CS-97231,A-,A-,B+,C,B,A-,C-,A-,A-,D,B,C,D+,C,D+,C,C+,C+,D+,B,D+,D+,A-,D+,B+,C-,C+,D+,B-,C,B-,B-,B-,C+,C+,D+,C+,A,B-,B-,B+,2.462
CS-97232,A-,B-,B+,D+,C-,A-,C+,A-,C+,B-,B,B+,D+,A-,C,B,D+,D+,C-,A-,C,C+,C-,D+,A-,B-,B+,C+,A-,B-,B+,B+,C-,C+,A-,C-,A-,A-,B-,B-,A-,2.701
CS-97233,A-,A,A-,A-,A-,A+,A-,A-,A-,A-,A-,A-,B+,A,A-,A,A-,A-,A,A-,A,A,B+,C+,A,A-,A,A-,A+,A-,A-,A-,A-,A-,B+,B+,A,A,A,A-,A,3.727
CS-97234,A-,B+,A-,B+,B-,A,C-,B+,A-,D,A,A-,A-,A-,C-,A-,C,C,C,A-,C-,B-,C-,C,A-,C+,B+,B,A,B,A-,A-,C-,C+,A-,C+,B+,A,A-,A-,A-,3.042
CS-97235,A+,A,A,A+,A,A+,A-,A-,A-,A-,A+,A,A,A-,A,B-,A,A-,A,A-,A-,C+,B+,B+,A-,A,A,A-,A-,A-,A-,A,A-,A,A,B+,B+,A,A,A+,A,3.754
CS-97236,A+,A-,A,A+,A,A,A-,A,A-,A,A+,A,A,A+,A,A,A-,A-,A,A,A,A-,A-,B,A-,A,A,A,A,A-,A-,A,A-,A-,B,B,A-,A,B+,A-,A,3.769
CS-97237,A-,B-,B+,A,B+,A-,A-,A-,B-,B,A,B,B-,A-,C,A-,D+,B,B-,A-,C,C+,D+,C+,B,B-,B,C-,A-,B,B,B,C+,B-,B-,C,A,A-,B-,B+,B,2.948
CS-97238,D+,B,B-,B-,C-,A,C+,C-,C,D,A,C+,D,B-,D+,C-,B+,D+,C-,B+,C-,C-,B,D+,A-,D+,C+,D+,C,C-,B-,B,D,D,C,C,B,A,C,B-,B,2.206
CS-97239,A,A-,A-,A-,A,A,A-,A-,B+,B+,A,B+,A-,A-,C-,A-,B-,B-,B+,B+,A,C,A-,C+,A-,B,A-,A-,A-,A-,B+,A-,B,A-,C+,C-,A-,A-,B-,B,B+,3.353
CS-97240,A,B+,A,A+,A-,A+,A-,A,A-,A,A+,A,A,A+,A-,A,A-,A-,A-,A,A-,A,C,B,B,A,A-,A,B+,A-,A-,A-,B,A-,B,B-,A-,A,B,B+,A,3.573
CS-97241,A,A-,A,A,B+,A,B,B-,A-,C,A,B,B+,A,C-,A-,C,C-,B-,B+,B,B,D,B-,A-,B+,A-,A,A,B-,B,A-,C+,A,A,B-,A-,A-,A-,A-,A-,3.267
CS-97242,A-,C,A,B-,B-,A,B,A-,C+,C-,A+,B,A-,A-,C+,B-,D+,D+,C,B-,C-,C,C,C+,A-,B,B,A-,A-,B-,B-,B,D+,B-,B,C+,C+,A-,B-,C,A-,2.756
CS-97243,A-,B-,A-,A,B-,B+,A-,B,B+,D,A,C-,B-,A-,C-,C-,D+,D+,D+,A-,C-,C-,D+,C+,A-,D+,B-,B,B-,B-,B-,B-,C-,C-,B-,C,B+,A-,B-,B-,B+,2.595
CS-97244,A,A-,A-,A+,A-,A,A-,B+,A-,B+,A,A-,A-,A,A,A-,C+,B,A-,A-,B+,A-,B-,C+,A-,A-,A-,A-,A-,A-,A-,A,B-,B+,A,B-,A,A,B+,A-,A,3.593
CS-97245,A,A-,A-,A+,B+,A-,B+,B+,A-,C+,A,B+,A-,B+,C-,B+,C,C+,B-,B-,C+,B-,B,C+,A-,B+,A-,A-,A-,A-,B-,A-,B-,A-,A-,B-,A-,A-,A-,B-,A-,3.271
CS-97246,B,B-,A-,C,B+,A,B-,C+,B-,C,A-,B,C,B+,D+,B-,C-,B-,C+,B-,C-,C-,A-,C-,B+,C,B,C,B-,B,C+,B-,C-,C,C,C+,A-,A-,C+,B-,A-,2.605
CS-97247,A-,B-,A-,A,B-,A-,C-,A-,A-,B-,A-,B-,A-,A-,C+,A-,D+,C+,C,A-,C,B,D+,C,B,B-,B-,B-,A-,B-,A-,A-,C,B+,A-,B,A-,A-,B+,A-,A-,3.058
CS-97248,A-,B+,A-,B+,B-,A-,B-,B,B+,D+,A-,B+,B-,B+,C-,B+,D+,C-,B-,A-,C-,C-,C,C-,A-,C-,B,C-,B,B-,B,B-,D+,C,B-,B-,B,A-,B-,C+,A-,2.687
CS-97249,A,A-,A,A+,A-,A-,A-,B+,A-,B-,A,A-,A,A,A-,B+,B+,C+,B,A-,A-,B,A,C+,A-,B-,A-,A,A,B-,B+,A-,A-,B,B+,B-,B+,A-,B,B,A-,3.432
CS-97250,A-,A-,A-,B-,B-,B+,B,B-,C,D,A,B+,C+,A-,D+,B,C,C-,C-,B-,C,C+,A-,C,A-,B-,B+,B+,C,C+,B-,B+,C,B-,B,C-,A-,B,B-,B+,A-,2.785
CS-97251,A,A-,A-,A-,A-,A+,A-,A-,B-,A,A-,C-,A-,A,C+,A,B-,B+,A-,A-,A-,B+,B-,B-,A-,B-,A-,A-,A-,B+,B+,B,B,B,C,B-,A-,A-,A-,B-,B+,3.328
CS-97252,B+,A-,A-,B,B-,A,B-,C,B,D+,A,B-,C+,A,D+,B,C-,C+,C,B,C,C+,C+,C+,A-,C-,B-,B,B,C+,B-,A-,C,C,A-,C-,A,A-,C+,B-,B+,2.756
CS-97253,B+,B+,B,B,B,A-,B,A-,B,C+,A,C+,B-,B+,A-,B,C,C+,B-,A-,C+,C+,B-,B-,A-,B,A-,B+,A-,A-,B+,B-,C+,C+,B+,C-,A-,A-,B,B-,A,3.043
CS-97254,B-,A,B+,A,A-,A,C+,B-,C+,D,B-,B-,A,A-,D,B,C+,D+,B-,C+,C,B-,C-,C-,B,D+,B,D+,B-,C,B+,B-,C-,C+,C+,D+,C+,B+,C+,D+,C+,2.44
CS-97255,A,B,A,A,A-,A-,B+,A-,B+,A-,A,A-,A-,A-,A-,A-,C+,A,B,A,A-,B+,B,C+,A-,A-,A,B,B,B,A-,A,B-,A,B-,A-,B,A-,A-,A-,A-,3.512
CS-97256,C-,D,D+,C,D,A-,D,D,C,D+,D+,C+,C+,D+,C+,D,C+,D+,D,C-,C-,B,C-,C-,B-,D,D+,B-,D+,D+,C-,D+,D,C-,C,C-,D+,C+,B-,C-,B-,1.764
CS-97257,B-,C-,B,B-,C-,A-,C+,B+,B-,D,A-,B-,B+,B+,C,C+,C-,C-,D+,B+,C,C+,A-,B,A-,C-,B-,B-,B+,C,B+,B-,C-,C,B-,C-,A,A-,C-,C+,A-,2.605
CS-97258,B-,B,B+,B,D+,A-,C-,B+,C,D+,B+,B+,C-,B,C-,C+,D+,D+,D+,C+,D+,C-,B,D+,A-,C-,C,B-,B+,C,B-,B,D+,D+,C-,C-,B,A-,C,D+,A-,2.311
CS-97259,A-,C+,A-,A,B+,A+,A-,A-,A-,B+,A,B+,A-,A-,A-,A-,C-,B-,A,A,B-,A-,B-,B-,B+,A-,A-,B+,A-,B+,A-,A,A-,A,A-,B-,A-,A,B,A-,A-,3.479
CS-97260,A-,B,A-,A,B+,A,A,A-,A-,B,A+,A-,B-,A,C+,B+,B,B,B,A-,B-,B+,B+,C,A-,A-,B+,A-,B+,B-,A-,A,B+,B-,A-,A-,A-,A,A-,A-,A-,3.447
CS-97261,A,A-,A,A+,A,A+,A,A-,A-,B,A+,A-,A-,A+,A-,A,B-,B-,A-,A-,A-,A,A-,B,A,A,A,A,A,A,B+,A,A-,A,A+,A-,A-,A,A-,A,A,3.751
CS-97262,B+,D+,C-,B+,B-,A,B-,B-,B,C+,A,C-,C+,B+,D+,B,D+,C+,C,B-,C-,C,D,B-,B,C-,C+,D+,C+,B,B,A-,D+,D+,C,C-,A-,A-,C,C+,B+,2.484
CS-97263,A-,B,B+,A-,A-,A,B,B,B-,A-,B-,B+,C-,A-,D+,B-,C,A-,C+,D+,C+,C-,A-,C-,A-,C-,B-,C-,D+,A-,C,B-,D+,C,C+,D,A,A-,B-,D+,B+,2.704
CS-97264,B-,B-,B-,A+,C-,A-,B+,C+,B+,C-,B+,D+,B,A-,A-,C-,D+,D+,C+,B,D+,B,A-,C,A-,B-,B-,B+,A-,A-,A-,B-,C+,B-,B-,C,B+,A,B-,B-,A-,2.806
CS-97265,A,C-,A-,A+,A-,A+,A,A,A-,A-,A,A-,A,A+,A,A,A-,A-,A-,A-,A-,A,A-,C+,A-,A,A,A,A-,A-,A-,A,A-,A,A,A-,A,A,A-,A-,A-,3.755
CS-97266,A-,A-,A-,B,B+,A-,A-,A-,B,C+,A,B-,B+,A,C+,A-,C-,B,C+,B+,B-,B-,D+,C,B,C,B-,B+,B-,B-,B-,B-,B-,D+,B,C,A,A-,B-,D+,B-,2.925
CS-97267,A-,A-,A,B+,B-,A,A-,B,C,C,A,A-,C+,A+,B+,A,D+,A-,A-,B-,A-,A-,A-,B,A-,A-,A,A,A,A,A-,A,A,A-,A-,B-,A,A-,A,A-,A,3.54
CS-97268,A-,C+,A-,A-,C,B,C+,A-,B,D,A-,B+,D+,A,C-,C-,D+,D,D+,B,D+,D+,D+,C-,A-,D+,C,C,C+,B-,B-,B,C-,D+,C-,D,B+,A-,C+,C,B+,2.388
CS-97269,A,A-,B+,A-,A-,A-,B+,A-,A-,C,A,A-,A-,A+,A-,A-,C,A-,A-,A-,A-,B,B,A-,B+,A-,A-,A-,B+,B+,A-,A-,A-,B,A,B-,B,A-,A-,A-,A-,3.473
CS-97270,B+,A-,B+,B,B,A-,B+,A-,B,D,A-,A-,B,A-,C-,C+,D+,C-,A-,B+,B-,B-,B-,C-,B,C+,B+,C,A-,B+,B+,C+,C+,C+,B+,B-,B-,A-,B-,C+,B+,2.845
CS-97271,A,B,A-,A-,A-,A,A-,B+,A-,A-,A+,A,B,A,B-,A-,D+,A-,A-,A-,A-,B+,A-,C+,A-,A-,A-,A-,A,A-,A-,A,B+,B+,A-,B,B,A,A,B+,A-,3.555
CS-97272,B+,A,A,B-,B+,A-,B,C+,C-,D,A-,B,D,A,B,B,D+,D,D+,C-,C-,B,D+,B-,A-,B+,A,C,B+,B,A,B+,C+,A,B-,B-,A-,A-,B-,A-,B,2.854
CS-97273,B-,B-,A-,B,B+,A-,B-,C-,B-,B-,B,B-,B,A,C+,B+,C+,B,A-,B,C+,B+,B,C+,B-,B,A-,B-,A-,B,B+,B+,C+,B,B+,B-,A-,A-,B+,B,B+,3.055
CS-97274,B-,B,B-,B-,C-,A-,B-,D+,B,D+,B-,B,C+,A-,D,C,D,C-,D+,B-,D+,C,D,C+,B+,C,B,C,A-,C,B-,B-,D+,B-,B-,C-,A-,A-,C-,C-,A-,2.391
CS-97275,B+,B,B+,B,C+,B+,C-,D+,B+,C-,B,B-,A,B+,C+,B+,C,D,C-,B-,D+,C+,C+,C,C,C+,B,A-,A-,C-,B,A-,C,B-,C+,D+,A-,A-,C,B-,A-,2.619
CS-97276,B-,B+,B,D+,C-,B+,C-,D,D+,D,B-,D+,D,C-,D,D+,D+,D+,D+,C-,C,A-,A-,C-,B-,D,C+,D+,C+,C-,C,D+,C-,D+,C-,D+,B+,B+,D,D+,B,1.905
CS-97277,D,C+,B-,D,C-,B+,D+,C-,D+,D,C-,C+,D+,C-,C-,C,C+,D+,C+,D+,D,B-,B-,D+,C-,D,C+,B-,B-,D+,B-,C-,B,B-,B-,C+,B,B+,D,D,C,2.009
CS-97278,B+,D+,D+,B,D+,A,A-,B,C+,C-,A-,B,B+,A-,B-,B+,C-,C-,D+,A-,C,B-,A-,C,B+,B-,B-,B,B-,C+,C+,B,C,B-,B,C+,B+,A-,C-,C,A-,2.705
CS-97279,C+,A-,B,C+,B-,B+,C-,D,C+,B-,B+,B,D+,C+,D+,B-,D+,B-,C-,C+,C-,D+,A-,C-,C,C+,C+,A,C+,D+,C+,B-,C-,C+,C,C-,A-,A-,C+,C,B+,2.408
CS-97280,C+,C-,B+,C+,D+,A-,C+,C,B-,D,A-,C+,C-,A-,C,C,D,D,D+,C+,D+,C+,D,C-,B,C,B-,C,C+,C-,B+,C+,C-,C-,B-,C,B,A-,C-,B-,A-,2.298
CS-97281,A,A-,A-,A+,A-,A,C+,A,A-,B,A,A,B,A+,A-,A-,A-,C,A,B-,A,A-,A,C+,A-,A,A-,A-,A-,A-,B,A-,A-,A-,B,C+,B+,A-,A,B+,A-,3.521
CS-97282,WU,D+,F,F,F,D,,D,WU,F,D,F,F,W,W,W,F,F,F,F,WU,W,,,,,,,,,,,,,,,,,,,,1.092
CS-97283,B-,C+,D+,D,A-,B-,B,B+,,D,C-,A-,C+,B-,B,D,C,D+,B-,D,C-,C-,F,,,,,,,D,D+,C+,F,,D,,,,,,,2.086
CS-97284,D+,D,C-,D,C-,C,B+,D+,C-,D+,D,B-,D,D+,D+,D+,D,D,D,D,D+,C,C+,C-,D,D,C,D,A-,D+,C-,D,D+,C-,C-,D+,B+,B+,D+,,D+,2.086
CS-97285,A-,A-,A+,A,A+,A,A-,A+,A-,A,A,A+,A,B+,A,A,A,A,A,A+,A,A,A+,B,A-,A,A,A+,A+,A+,A,A,A+,A,A+,A,,A+,A-,A,A-,3.919
CS-97286,B+,A+,A+,A+,A+,A+,A-,A+,A,A+,A+,A,A+,A+,A+,A,A+,A,A+,A+,A,A+,A+,B+,A+,A+,A+,A+,A+,A+,A+,A+,A+,A+,A+,A,,A+,A,A,A,3.972
CS-97287,B,A-,A+,A,A+,A-,A-,A,A,A+,A,A-,A-,A-,A,A-,A,B,A+,A,A,A,A,B,A,A,A-,A+,A,A,A,A-,A+,A,A+,A-,,A+,A-,A,B+,3.856
CS-97288,B+,B,A,B+,A-,A,B+,B+,B+,A,A,A,A-,B,A,A,A,B+,A+,A,A-,A,A,B,A,A,A+,A,A+,A,A,A,A,B+,A,A-,,A,B,B+,A-,3.772
CS-97289,D,C-,D,C,D,D,B-,F,D+,F,F,F,W,,,,W,D+,,,D,F,,,,,,,,,,,,,,,,,,,,0.998
CS-97290,B-,A,A+,A,A+,A+,A-,A,A,A,A,A,A,A,A,A,A,A-,A+,A+,A,A+,A,B+,A,A,A+,A+,A,A+,A,A+,A+,A,A,A-,,A,A,A,A-,3.943
CS-97291,B,C,B,C+,B+,B,B,B+,B+,B,B,A,B-,B,A-,C+,B,C,B-,A-,A-,B+,B,B-,C,B+,B,B,B+,A-,C,B,A+,B,A-,B-,,A,B,A-,B,3.071
CS-97292,B,B-,A+,B+,A,B,B+,A+,B+,C,B+,A,A,A-,A,A,B+,B,A-,A,B,A-,A-,B+,B,A-,A+,A-,A,B+,B,A,A+,A,A,B+,A,A,B,A,,3.605
CS-97293,A-,C+,A+,A-,A,A-,A-,A+,A-,B,B+,A,B+,A,A+,A-,B+,B,A-,A,B,A-,A,B+,B+,A-,A,A,B+,A-,B,A-,A+,A,A,B+,A-,A,B,A,,3.653
CS-97294,D,D+,D,C,C-,D+,B,C-,C,C-,D+,C,B,C,D+,C,C+,C+,C,C,C-,C-,B,C+,C+,C-,B+,D+,A,F,WU,D,D,F,B+,F,C-,C,B,B-,,1.876
CS-97295,C+,B,A,A-,A,B,A-,A+,B-,B,A-,A,B+,A,A,A,A-,B,B+,A,B-,B,A-,B+,A-,A,A,A,A,B+,B+,A,A+,A,A,A,A,A,B,A,,3.668
CS-97296,D+,C,B-,B-,B+,C+,B+,B-,C-,C,B-,B+,C-,D+,B+,B+,C+,C-,B,A,C+,B-,B-,B-,C,B-,A-,B,B,B+,C,B+,A,B+,C-,B+,B,A-,B-,A,,2.791
CS-97297,D,B+,D,C-,C-,A,B+,D,D+,C,C+,B,D,D,C+,D,C+,B,C,D+,C+,D,C-,C,B-,D+,D,B+,A-,C-,B-,D+,A,D,D,F,,C+,D,C,C,1.919
CS-97298,C,C-,B,C-,B+,B,B+,B-,C+,C,C+,A-,D+,D,B,C+,B-,B,C-,B+,B-,C-,A,B,C-,A-,B,A-,B+,B-,D,B,A,B-,A-,C+,,A,A-,B+,B,2.775
CS-97299,B,B,A-,C,B,B-,B,A-,B+,B+,B+,A,D,B-,B-,C,C+,B,C,B-,A-,C,B,B,C,B,C+,C,C-,C+,B,D+,A-,D+,B,C,B+,A-,C,B+,,2.654
CS-97300,C,B+,A-,B-,B+,C+,B-,A,B,B-,B,B,B,A-,A,B+,A-,B+,A-,A,B+,A-,A-,B,B,A-,B,A,A-,A-,B+,B+,A+,B,A,B,,A,A-,B+,B,3.416
CS-97301,C+,B-,C-,B,A-,D+,A-,A-,C,D+,C,A,D,C,A,A,B-,D+,B-,B+,A-,B-,B+,B,C+,A-,B+,B+,B-,B+,C,B+,A+,B,A-,B,B+,A+,B,A,,3.017
CS-97302,B,B+,A+,B+,A,A,B,A+,A,B+,A,A,A-,A,A-,B+,A,B-,A-,A,B-,A+,A-,B-,B,A,B+,A,A+,A-,A-,B+,A,B,A,A-,,A,A-,B+,B+,3.656
CS-97303,B,A-,A,B+,A+,B+,A-,A,A,A,A,A,B-,A-,A,A,A,B-,A,A,A-,A,A,B,A+,A+,A,A,A,A,B,A+,A+,A-,A,B+,,A+,A-,A,A-,3.798
CS-97304,D,C-,D+,B,A,B-,B,B+,C+,C+,C+,A,D+,B,B-,B+,B+,C+,B,A-,B-,B,B,B-,C,B,B,B-,C,B-,D+,B,A,B-,D+,B+,B,A,B-,B+,,2.736
CS-97305,C-,C,C,B+,A,C+,B,A-,C+,C+,B,B,B-,B+,A-,B+,C,B,B,A-,B,C-,B+,B-,B-,A-,A,A-,B,B+,C,B+,A+,A-,A-,A-,A-,A+,B-,A,,3.156
CS-97306,B-,A,A+,A,A-,A-,A-,A,A,A,A,A,A,A,A,B+,A+,B+,A-,A+,A-,A,A,B,A,A-,A,A,A+,A,A-,A,A+,B+,A,A,A-,A,B+,A,,3.84
CS-97307,C,C,B,A-,A-,C+,B,A,C-,C-,B,B+,A-,B+,A-,B+,B+,B+,C,B+,C-,C+,A-,B-,C-,A-,A,B+,B+,C+,C-,B+,A+,B,B+,B,B+,A,B,A,,3.058
CS-97308,C,C,A-,B,B+,B,B+,A-,B,B+,A-,A,D,B,A-,B-,B+,B-,B,A-,A-,B+,A,B,B+,A,A,A-,B,B+,B-,B,A+,C+,A,A-,B+,A,B+,A-,,3.318
CS-97309,D+,C+,B+,B+,B+,C,B,A,C-,C+,B,B,C+,B-,A-,A-,C+,B,C,B,B+,C,A-,B,C-,B+,B,B+,D+,C,C,B+,A+,B+,B+,B,B+,A,B,A,,2.922
CS-97310,D,D,D,D,C+,C,B,D+,C+,D,C+,C-,B+,D+,B,C-,C+,B-,B,C,C,D,C-,B,D,C+,B,B,C-,C,D,C,A-,C-,A-,C+,C,A-,C,B+,,2.196
CS-97311,C+,B-,B+,B,A,B,B+,A,B,B,B+,A,C-,B+,A-,A,B,A-,B+,A-,B,C,A,B,B-,A-,A-,B+,B+,B+,C-,A-,A+,B,A-,B+,B+,A+,B+,A,,3.335
CS-97312,A-,B,A,B+,A,A-,A-,A,A,B-,A-,A-,C,A,A-,B+,B+,C+,A-,A,B+,B,A,B+,A-,A,A,A,B+,A,B,A,A+,A-,A,A-,A-,A,A,A,,3.659
CS-97313,B,C,B+,C,A-,C,A-,A,B+,C+,A-,B,A-,A-,B+,B,A,C,B,B+,A,B,B,B,B,B+,B-,B+,A-,B+,B,B-,A+,B+,B+,B+,C+,A-,C+,A-,,3.167
CS-97314,D+,A-,A+,B,A,C-,B+,B-,B,C+,A,A-,C-,A-,A,B,A,D+,A,A,B+,A,A-,B-,B,B+,B-,A,A-,A,B+,A,A+,B,A,A,,A,B,A-,B+,3.418
CS-97315,D+,C,C,C,C+,D+,B+,D+,D,C-,C+,C+,D,C,A-,A-,D+,C+,B-,B+,B+,D+,B+,B,B,A-,B+,B+,B,B,C-,B+,A+,B+,A-,B,B-,A-,B,A-,,2.729
CS-97316,C+,A,A+,A-,A,A-,B,A,B+,B+,A,A-,A,A,A,A-,A+,A,A+,A+,C+,A+,A-,B,A+,A,A-,A,A+,A,A,A,A+,B+,A-,A-,,A,B,A-,B,3.737
CS-97317,C+,C,B,C+,B,B+,B+,A,A-,A,A,D+,C+,B-,B+,B-,A,C+,B,B+,C+,B-,A-,B,C+,B+,B-,B,A-,A-,C+,B-,A,C-,A-,B,C,A,B,B+,,3.06
CS-97318,C,B-,B,A-,B+,B+,B+,A-,C+,C+,B,A-,C,B,B,B+,B+,B+,C,B+,B,B,B+,B-,C+,B+,B+,B,B+,B-,C,B+,A+,C,B,B,B,A,B,B+,,3.033
CS-97319,B+,B,A,A-,A,B+,A-,A+,A-,B,B+,A-,C,C+,A,A-,B+,B+,B,B+,A-,A-,A,B,C+,A-,A,B+,B+,B+,B,A-,A+,B+,A,B+,B+,A,B+,A-,,3.476
CS-97320,D+,D,A-,D,C,C-,B,D+,D+,D,D,B+,D,A,B,D+,C,C-,B,C-,B,D,B,B-,D,B-,C-,C+,D+,C+,C-,C-,A,C,B,B-,B-,B+,C+,B+,,2.191
CS-97321,D,D+,D,C,C,D,B,D,D,D+,D,A-,D,D,B+,B+,D,C,D,B+,B,C-,B+,B,C,B,B-,B,D,B-,D+,C+,A,C,C,B-,B+,A,A-,B,,2.266
CS-97322,B-,B+,B+,C,A-,B,A-,A+,A-,B+,A-,A,B,B-,A-,A-,A,B-,B,A,A,B,A-,B,C+,B+,B+,A-,B+,A-,C,B+,A+,B,B+,B-,,A-,B,A-,B+,3.33
CS-97323,C,A,D,B,A-,A-,C,C-,D+,C-,D,D+,D,D,D,C-,C-,C-,D,C,B,D,D,C,C,C-,D+,D+,C-,D,D,C,A-,C,C-,B-,C,B,D,C,,1.886
CS-97324,C-,B-,B+,C,A-,C-,B+,C+,B+,B-,B,A,D,D+,B+,B+,B+,B,B-,B+,B,C-,B,B+,C-,B+,B+,B,B-,B+,D,A-,A+,B-,B,B-,B+,A,B+,B+,,2.914
CS-97325,D,D+,B,D+,C,D,B+,D,C-,D,D+,B+,D,B+,C,C+,C-,B-,D,C,D,A-,C,C,D,C+,D,C,D,D+,A-,C-,B,C,B,C,,B,C+,B+,B,2.028
CS-97326,B,B+,A,A-,A,A,A-,A+,B,B+,A-,A,A,B,A,A-,A-,A-,A-,A-,B+,B,A,B,B,A-,A-,A,A-,A,B,A-,A+,B,B-,B+,B+,A,A-,B+,,3.574
CS-97327,D,C,D,D,C,B-,B,D,C-,D,D,C,D,D,C,C,C+,C+,C-,C,C,D,B,C-,D+,B-,B,D+,D,A-,D+,C-,A-,C+,D+,C+,,B,C+,B-,B-,1.955
CS-97328,D,C,D,D,C,C-,C+,B,C,B+,C,C,D,D+,B,C,D+,B-,B-,C,C,D+,C+,B-,C,B-,D,D+,C-,C-,C+,D,B+,C,B,C+,D+,B,D+,C,,2.003
CS-97329,C+,B-,C+,B,A-,C-,A-,A+,B,C+,C-,B+,B+,B+,A-,A-,B+,A,B+,B+,A-,B,A-,B-,C+,A-,B-,B,B+,A-,D,A-,A,A-,A-,B+,A,A,A-,A-,,3.259
CS-97330,C+,A-,A+,B,A,B,B-,A+,B,A-,A,B,A,B,A,B+,A+,C,A+,A,B,A,A,B-,B+,A+,B+,A,A,A,A-,A,A+,A-,A,A-,,A,B+,A,A-,3.641
CS-97331,D,C+,B+,D+,B-,C-,A,A-,D+,D,C-,A-,C+,B-,B+,B,B,C,C-,B+,B,B,B+,B-,D,B-,C,B,C,B-,C-,B-,A,B-,B+,C+,,A-,C+,B+,B-,2.599
CS-97332,C+,B-,C+,C-,B-,B-,B,C+,C,C-,D+,C+,D,D+,B-,C+,B,C+,D,B,B,D,C-,D+,D+,B,C-,B-,C,C,D,D+,A-,D,D+,B,C+,B+,C,B+,,2.188
CS-97333,C,C-,C+,C-,C+,D+,A-,C+,D+,B+,B-,B+,C-,B-,A-,C,B,B-,C+,B,C,C-,B+,C,C-,B,C,B+,A-,B+,C-,B+,A,C,A,B,,A-,B-,A,A-,2.716
CS-97334,B,C,B-,C+,A-,C,B+,B+,B,B-,B-,A-,D,C+,A-,B+,C,A-,C,C+,B-,C+,B+,B-,D+,B,B-,B,C-,B-,D,C-,A-,C+,D+,C+,A-,A-,B,A-,,2.619
CS-97335,C,B-,B-,B,B+,C,B+,A-,C+,B-,A-,A-,B+,C+,B+,A-,B,C+,C,B+,A-,B,B,B-,C,B+,C,B+,B-,B+,C-,A-,A+,B-,B-,B+,B+,A-,B-,A-,,2.995
CS-97336,D,C-,D,D+,C+,B-,B-,C-,D+,D,D,C,D,D,C+,C+,C,C,D,C+,A-,D,B-,C,C-,C-,D+,C-,C,A-,D+,C-,A,D+,D+,C,C-,B+,C+,B,,1.936
CS-97337,B+,B+,A,C+,A-,B,B+,B+,A-,A,A+,A-,B-,B,A,A-,A,C+,A,A,A,A,A,B,A,B+,B,A,A-,B+,A-,A,A+,B-,A,A-,,A,B+,A,B+,3.615
CS-97338,B,B-,D+,C,C+,D+,B+,B,D+,C+,B,B+,C-,D+,B-,B-,C+,C+,C-,C,B+,C-,B+,D,D,B+,C-,C,B,B,D+,C+,A,C+,A-,B+,,B+,B-,B+,B+,2.488
CS-97339,A-,A,B,B+,A,B-,B,A,B,B-,B+,B,B+,B,A-,B+,A,C+,B+,A-,A-,A-,A-,B-,B-,A-,B+,B+,A,A-,C,B+,A+,B+,A-,B+,,A-,A-,B+,B+,3.408
CS-97340,D,D,B,C-,C+,B,B-,C+,C,D+,C-,B-,D,C-,B+,B,D+,C,C,B-,C,D+,B+,B,C,B+,B,B,B-,B,D+,B-,A,B-,C+,B,B,A-,C+,B+,,2.49
CS-97341,D,D,B,C+,D,B-,B,B-,B-,D,C-,C+,C,F,D+,C,C-,D,D+,D+,B,D,D,D+,WU,B,B,D,A,C,C+,D,C,F,B+,F,,F,C,B,D+,1.804
CS-97342,C,B-,B,C+,B+,B-,B+,B,B,D+,B-,C+,B,D,B+,A-,B-,C-,B-,B,A-,C,A-,B,C+,B,B+,B,A,C,B,C,A+,C+,C,A-,B+,A,B,A-,,2.88
CS-97343,B-,A-,A+,B+,A-,B,B+,A,A-,B+,A,A-,B+,C+,B+,B,A,B-,B,A-,B+,A-,B-,C+,C+,B+,D,C,C+,B,C+,B-,A+,B,A,B,A,A-,B,B,,3.184
CS-97344,C+,B,B-,B,A,C,A-,B+,B,B-,B+,A-,D+,C,B+,C-,B,D+,C,B,A-,B-,B+,C,C+,B+,B,B,A-,B,C-,B-,A+,B+,A-,B,,A,B+,A,B+,2.984
CS-97345,B+,B,B-,B+,B-,B,B,B-,C-,D+,C-,B-,D+,B-,B,B,B,B-,D,B+,C+,C-,B,C,C-,B-,D+,D,C+,C-,D,B-,B+,D+,C,B,C,B,C+,B,,2.384
CS-97346,C-,C-,D,C,B-,D+,B,D+,B,D+,D+,B,B,B-,B+,B-,D+,C+,C,B+,C,C-,C,C-,D+,C,D,A-,A,C-,D+,C,A,C,C+,C,B,B,C,B,,2.236
CS-97347,C+,B,A-,A,A,B+,A-,A,B-,C+,B-,A,C,B,B,B-,B-,C-,C,B+,A-,B-,A-,B-,B-,B,B-,A,B-,B,C+,B+,A,B+,D+,B,,A,A-,A,B+,3.09
CS-97348,B,B,A,B+,A,A,B+,A,A-,B-,A-,A,A,B,A-,A-,A-,A-,A,A,A,A-,A,B,A,A-,B+,A,A,A,B-,A-,A+,B+,A-,A-,A,A,B,A,,3.689
CS-97349,D,D,D,D,C-,C-,C-,C+,C,D,B-,B+,D,D,C-,B,B,C-,C,C,D+,D,C,D+,C,C,A-,A,D,A-,B,B-,A,D+,C+,D,C-,B,D+,B+,,2.084
CS-97350,B,C,B+,B+,A,B+,A-,B+,B+,B-,B+,A,B,B,A,A,B-,B,B+,A-,A-,B,A-,B,B,B+,B+,A,B,A-,C+,A,A,B-,A-,B,,A,B,A,B+,3.396
CS-97351,B+,A-,A+,B+,A-,A,B+,A-,A,B+,A,A-,A-,B,A,A-,A-,A,A,A,A-,B+,A,C,A,B,C+,A+,A+,A,B+,A-,A+,A-,A,A-,,A,B,A,B+,3.651
CS-97352,A,A-,A,B+,B+,B+,A-,B+,A,A,A,A,A,B+,A,A,A-,B,A-,A,B+,A,A,B,B,A-,B,A+,A-,A+,B,A,A+,A-,A,A,,A-,B+,A,A-,3.714
CS-97353,D,D+,B-,C+,D+,D,B-,D,C,D+,C-,B-,D,A,C-,C-,D+,C-,D,C,C,D,D,D+,WU,B,D,C+,A,C,C+,D,A,D+,D+,F,C,F,D,B-,,1.713
CS-97354,B,A,A,B,B+,A,B+,B-,A,A,A,A-,A-,B+,B+,B-,A,A+,A,A-,A,A,A-,C+,B+,B+,C,B+,A-,A,A-,B-,A+,B-,C+,B-,B,B+,B,A-,,3.387
CS-97355,C+,B+,A-,B+,A+,A,B+,A,B,B-,A,B+,B,B+,A-,B+,A,B+,B+,A+,A-,B,A,B-,B+,A-,A-,A,A,B,B-,A,A+,B,A-,C,A-,A-,A-,A,,3.492
CS-97356,B,B,A-,A-,B+,A-,B+,A+,B-,B,B+,A,B-,B,B+,B+,B+,B,B,B+,A-,A-,A,B,C+,A-,A-,A,B,A,C,B+,A+,B+,A-,B,,A,B,A,B,3.392
CS-97357,B+,B+,A+,B,B,B,B,A,B,A,B+,A,A-,A,B+,B+,B-,B,A-,A+,B+,A,A-,B-,A-,B+,B+,A,A,B+,B+,B+,A+,A-,B-,A-,,A,B,A-,B-,3.451
CS-97358,B,A-,A,A-,A-,A-,B+,A+,B,B+,A-,A-,A,A-,A,A,B+,B,A-,A,A-,A,A,B-,A-,A,A-,A+,A,A,B+,A,A+,B+,A-,B,,A,B+,A,B+,3.694
CS-97359,C,B,A,B+,A,A-,B,A,B,B-,B-,A-,C,B,A-,B-,B+,C,B,A-,B,B,A-,B-,B,B+,A-,A-,A,A-,C+,A-,A+,B-,A-,B-,B,B+,B-,A-,,3.253
CS-97360,A-,A-,A,B+,A,A,B+,A+,B+,B+,A,A,A,A,A,A-,A,A,A,A,A-,A-,A-,B,A,A,A+,A,A+,A,B+,A,A+,A-,A,B,,A,A-,A,B+,3.806
CS-97361,A-,A,B+,B+,A,B+,B+,A,A-,B+,A,A,B+,B+,A-,A-,A-,B,B+,A,A,A-,B+,B-,B,B,B+,A,B-,A,C+,B+,A,B,A-,B,,A-,B-,A-,B,3.477
CS-97362,D+,B-,B-,B+,A-,A,B,A-,C,B-,B,B+,B+,A,A,B+,B+,C+,B+,A,B,B,A,B,B,A-,B,A,B+,A,C+,A,A+,A-,A-,B-,A,A,C+,A,,3.389
CS-97363,B+,A,A+,A,A,A-,B+,A+,A,A-,A,A,A-,A,A,A,A,A-,A,A+,B+,A,A,B,A,A,A,A,A,A+,A-,A+,A+,B+,B,B+,A+,A+,B+,A-,,3.82
CS-97364,D,C+,B-,C+,A-,C,B,B+,D,B+,B-,A,B,B+,A-,B+,B,B,C+,A-,B,B,A,B,B,B+,B+,A-,A,C+,B,B-,A+,C+,A-,B-,,A,C+,A,B-,3.063
CS-97365,B-,D+,A-,B,A,C,B,A-,C+,C,B,A,C,C+,A-,A,B,B,C+,A,C,C+,A,B+,C+,A-,B+,A,B+,A,C+,B+,A+,A-,A-,B,,A,A-,A,A,3.226
CS-97366,B,A-,A,B-,A,A,A-,A+,A-,B,A-,A-,A,A-,A,A-,A,C+,A+,A,A-,A,A,B-,A+,A-,A,A-,A+,A+,A,A,A+,A,B,B,,A+,A-,A,A-,3.721
CS-97367,B-,B+,A,A,A,A,B+,A+,A-,A-,A,A-,B+,A,A,A,A+,A,A,A,A-,A,A,B,A,A,A,A,A,A+,B+,A+,A+,A-,B,B+,A-,A,B+,A,,3.795
CS-97368,B-,B+,A,B+,A-,B-,B,A,B,B-,B+,A,C,B,A-,A-,A-,B,A-,A,B,B,A,B,B,A,A,A-,A-,A,B+,A-,A+,A-,A-,B,,A,B+,A,B+,3.485
CS-97369,B+,A,A,B+,A,A-,A-,B,A,A,A,B+,C,D,B+,B,A-,C+,B+,A-,B+,A-,B,B,B+,A-,A,A,B+,A-,B,C+,A,C+,A,B,,A-,B,A,A-,3.437
CS-97370,D+,A-,B,B+,C,C-,B+,C+,C,D+,D+,B,A+,D,B,B-,C,C+,C,C+,B-,D,A-,B-,C,B-,C,A-,C,D+,C+,B,A,C,B-,C,,B,B,A-,B-,2.512
CS-97371,C,B+,A,A-,A,A,A-,A+,B+,B+,A-,A,B-,A-,A-,A,A-,B,A-,A,B,C+,A,B-,A-,A,A,A+,A,A,B,A,A+,B,A,B,,A-,B,A,B+,3.618
CS-97372,C+,B+,B,B,A,B+,B+,A,B,A,A-,A,B-,B+,A,A,A,C+,A,A-,B+,A-,A,B,A-,A,A,A+,A,A,A-,A+,A+,B+,A-,B,,A,B-,A,B+,3.631
CS-97373,A-,B,A-,A,A,A-,A-,A+,B+,B,B+,B+,B,B+,A,A,A,B+,A,A-,B+,A,A,B,A-,A,A+,A+,A,A+,A-,A,A+,A-,B,B,,A,A-,A,A,3.707
CS-97374,C+,C+,B,C+,A,B,B+,A,C+,D+,D+,A,B+,A-,A-,A-,B-,A-,B-,B+,B-,B-,A-,B,C+,B+,A-,A-,A-,B+,B-,B+,A+,B,C+,B,,A-,A-,A-,B+,3.156
CS-97375,C,B+,A,B+,A,B,B+,B+,B-,C+,B+,A-,A-,B+,B+,A-,B+,A-,B+,A-,B+,B+,A-,B-,B,A-,A,A,A,A,B-,A,A+,A-,A,B,,A,B,A,B+,3.491
CS-97376,D,C,B,B-,B-,B-,B+,A,D+,C,C-,B+,C-,B-,B,B+,C,B,C+,B,C+,D+,B+,C+,B-,B,C+,B+,D,B+,B-,D,A-,D+,C,C,,B,C-,A-,C,2.478
CS-97377,C+,C,A-,B+,A,B+,A-,A,B,B,A-,B+,B+,A-,A-,A-,A-,B,A-,A,B+,A-,A-,B,B+,A,A-,A,A,A,B,A-,A+,A-,A-,B-,,A,B+,A,B+,3.554
CS-97378,B+,D,C-,C,B+,D+,A-,C+,C-,C,C-,B,D,D,B+,B-,C-,C+,C,A-,A-,C,B+,C+,C-,B+,B,A-,C,C,C,C,A-,C+,A-,C+,B,A-,B,A-,,2.557
CS-97379,D,C,A,C,B-,B-,B-,C+,D+,B-,C,C+,A-,C,B,B-,C-,B,D,B-,B-,D+,B-,C+,D,C,B,A,A,C,D+,C+,A,C,B-,C+,,B+,B,A-,B+,2.525
CS-97380,A,A-,A,B+,A,B+,B+,A,B,A,A,A,A-,B+,B+,B-,A-,A,B-,A,A-,A,A,C+,B+,B+,B+,A+,C,A,A,A-,A+,B+,A,B+,,A,A,A,A,3.621
CS-97381,C+,B+,A-,B+,A-,B-,B+,A+,B+,C,B+,A-,D+,B,A-,A,B+,B-,B+,A-,B,A-,A-,B-,B,A-,A-,A,B,A,A-,A,A+,B+,A-,B,,A,A-,A,B+,3.442
CS-97382,B,A-,D,C-,B-,B,A-,C,B,C-,B,B+,B+,A,B-,B,D+,C,C-,C,B+,D,B+,B-,D+,B,B,A,C,B-,B-,B-,A,B-,B+,C+,,A,B+,A,A-,2.8
CS-97383,D,C,D,D,B,B-,B+,D+,D,D,D+,B,C-,A-,C-,B,B-,D,C,C-,C,C,D,B,F,B,C-,B,A,F,C+,D,C+,C-,D+,F,C+,F,D+,B+,,1.826
CS-97384,B,B+,D,C-,A-,C+,B+,C-,C+,C+,C,A-,C-,D,B+,B+,D+,A-,C,C+,B+,B+,B+,B,B-,B+,B,A+,D,A-,C,C,A+,C,A,B-,,A,A,A,B+,2.851
CS-97385,B,C-,B,B+,A,C+,A-,A-,B-,C-,C+,A-,C+,B,A-,B+,C,B-,C,B-,A-,D+,A-,B-,C,A-,B+,A-,C+,B,C-,B-,A,B-,B,C,B+,A,B+,A-,,2.931
CS-97386,C-,C,C,B-,B-,C,B+,B-,C,C+,B,B+,D,C-,B+,B,C+,C+,C+,C+,C+,C-,A,B-,C,B,B,A,B-,A-,C+,B,A,C+,A-,B,,A-,B,A-,B,2.793
CS-97387,D,C+,C,C-,B-,C-,C+,B,C-,A,B-,B-,B-,C,B,B,D+,B,C,B,C-,C,C-,C,C-,B+,C+,A,C,B,B-,B-,A,C+,A,C,,B+,B-,A-,B+,2.611
CS-97388,D,D,C-,B,D,C-,B,D,C,D,D,C-,D,B,C-,D+,D,C-,C-,C,C+,D+,D,C-,D,C+,B,D+,B+,C-,D+,C-,C,F,B+,F,,F,B-,B,F,1.658
CS-97389,D,C+,C-,D,B-,B,A-,C,B+,C-,C+,A-,C-,A-,B,A-,B-,C,B-,C+,B+,D,B+,C+,C,B,B-,A-,D,B+,D,C,A,C-,B,D+,C-,A,C+,A-,,2.559
CS-97390,B+,B,A,B-,B+,B+,B+,A+,B,B-,B,A-,B,B+,A-,B+,B,B-,B,B-,B+,B,A-,C+,B-,A-,B,A,B,A-,B-,B+,A+,B,B,B-,B,A,B+,A-,,3.245
CS-97391,C,C,B,B-,B+,B-,B-,B+,C,C-,B+,B+,D+,C-,B+,A-,B-,A-,D+,B-,C,C,B,C+,C-,B,C+,A,C,B-,C,C+,A+,C,A-,B-,,A,B,A-,A-,2.75
CS-97392,C+,D+,B,C+,A-,B-,B+,B,C,D+,B,A,D,C-,A-,B+,C+,B,B+,B+,B+,C+,B,A-,C,A-,A,A,B,B,B,B+,A+,B+,C+,B,,A,B+,A,A,3.037
CS-97393,B,A-,A,C,A,A-,B,A,B,B,A-,C+,A-,B,B+,A-,B-,B,A,A,B-,B,B+,B,B,A,A-,A,B,A-,A-,A,A+,B,B,B+,,A-,C+,A-,B+,3.395
CS-97394,D,B-,B,B+,B+,B,B,B+,D+,C,C+,A-,C-,C-,A-,B+,C,B,C-,B+,B-,C-,B+,A-,B-,B+,C,B,A-,B,D,C-,A+,B-,B,B+,B-,A,B-,A-,,2.793
CS-97395,B-,C+,B+,A,B,C,B+,B,B-,C-,B,A-,C-,C-,B+,B+,B,B+,C+,A-,A-,B-,A,A-,C,A-,B+,A,A-,B+,C-,B+,A+,B,A-,B-,,A,A-,A,B,3.136
CS-97396,C,B+,B-,B,B+,C+,B+,A+,C,D,C-,A-,D,C,A-,A-,A-,C+,B,A-,B+,B,A-,B+,C-,B,B,A-,B+,B+,C+,A-,A,A-,B,B,,A,B+,A-,B+,3.094
CS-97397,B-,B-,B,B,A,D+,A-,B+,C+,C,B,A,B-,C-,B+,A,B+,A,C,A,A-,C+,B+,A-,C-,A,A-,B+,C,B+,C,A-,A+,B,B+,B+,B+,A-,A-,A-,,3.155
CS-97398,C-,C+,B-,C-,C-,C-,B,D+,D+,D,D+,B+,D+,D,B-,C,C,C,D+,C,B,D,F,B,C,C-,A,A,F,C-,B-,D,A,D,A-,D+,,B+,C+,B+,B-,2.128
CS-97399,C-,B,A,A-,A-,B-,B+,A,C-,C,B,A,C+,B-,A,B+,B-,B-,C+,A,A-,C+,A-,B+,C-,A-,A-,A,A-,B,C,A-,A+,B,A-,B,,A-,B,A,B,3.205
CS-97400,D,C-,B,B,B,B-,B-,A-,C+,C,B,B,D,C-,B,C+,C+,C-,B,B-,C+,D+,C,B,C,B-,B+,A,C-,B-,B-,C+,A+,C,C,C+,,B+,B-,B+,B-,2.574
CS-97401,D,B-,D,C+,B,B,B,B+,B+,C+,B-,B,D+,C+,B-,B-,B-,C+,B,B-,C,C,C+,B,C-,C+,B,A-,D,C,D,C,A+,D+,D+,C+,,A-,C,B,B,2.451
CS-97402,D,D,B-,D,B-,C-,B,B,B,D,C-,C+,C+,A,B,C,C-,D+,C-,B,C+,C-,B,B,C-,C-,B-,A,A+,C-,C-,C,B+,C-,D+,C+,B-,A-,B-,A-,,2.321
CS-97403,B-,D+,D+,D,A,C+,A-,B+,C,D+,C,B+,C,D,B-,B+,C,B,D+,B+,B,C-,B,B+,D+,C,C+,B-,B+,C,D,C-,A,C,C,C,,B,C+,A-,B,2.378
CS-97404,D,D,B,D+,C-,B,B,D+,D+,D,C-,B+,B,C+,C+,B,D+,C+,C,B,B-,D,B+,B-,D+,C,B,A,D,B-,D,C,A,C,C,C,B+,A-,B+,A,,2.328
CS-97405,D,C-,D,C-,C,C,B+,B,C-,D+,C-,B+,C+,C,B,B+,B-,B,C,B,B+,C,B,C-,C-,B-,B,A,C-,B,C,B,A+,D+,B,C,B-,A-,B,A,,2.548
CS-97406,D+,C,B-,C+,B-,B-,B,A,B+,C,B+,B-,B,B-,B,C+,C+,B,C,A,C,C,A-,C-,C+,C,B,A,B,C,D,C+,A+,C,D+,B,B,A-,C+,A-,,2.636
CS-97407,B-,B-,B+,B,B+,B+,B+,A,B-,B+,B,A-,B+,B,B+,B,B-,A-,B+,A,B,C-,B+,B,B-,B+,B,A+,B+,A-,B-,C+,A+,B-,A-,B,,A,B,A-,B+,3.229
CS-97408,D,D,B,B,B,C,B,B+,D,C-,C,A-,D+,B-,B-,B+,C+,A-,C,B+,B,C+,B+,B+,C-,B,B-,A,C-,B,C-,B+,A,B,B+,B,,A-,B,A,B+,2.779
CS-97409,D,C,D,D+,C+,B-,B,D+,D+,B,D+,C,A-,C+,C+,C,D+,D+,D+,B-,B+,C-,B+,B-,D+,A,C,A-,C+,C-,C-,C-,A,C,C,B-,B,B+,C+,A-,,2.343
CS-97410,B,B,D,A,C,C-,A-,C,C,D,D,C+,B,D,C+,D,C+,C+,D,B+,B+,B-,C+,C+,C+,A,C-,B+,D,D,B,C-,A,D+,C+,D+,C+,B-,C,A-,,2.274
CS-97411,D,D,D,D+,C-,B,C+,C+,D,D,D,B,A-,D,C+,C-,A,D+,D+,C,C,C,C+,C+,D+,B,D+,A-,A,B+,B,D+,D,C-,B-,F,C,D+,C+,B+,,2.04
CS-97412,D+,D+,C,D,C,C,B-,C+,D+,D+,C,C-,D,D,C+,C+,B-,D+,C-,B,B,C,C-,C+,C-,D+,D,A-,D,B,C,D+,A,D+,C+,B-,D+,B,D+,B+,,2.034
CS-97413,D+,A-,B-,C,B-,C+,A-,B,B-,C-,C+,C+,B,C,C+,B-,B,C,C+,C+,A-,B,C,B-,D+,B-,C,A,D,C,D+,D,A+,C-,B,C,C,A,C,B+,,2.505
CS-97414,D+,D,C,D,C-,B+,B,D+,B,C,D,B,D,D,B,B-,C+,B+,C-,B+,C,C,B-,C+,D,C-,C-,A-,A,C,D,C+,A,B,C+,C,B-,B+,D+,B+,,2.26
CS-97415,D,B+,A-,C,C,A,B,A-,C+,C,B+,B,B-,B,B+,B-,A,C-,A-,A,B,B+,A,B-,A-,B,C+,A,B+,B-,B+,C+,A+,C-,A-,B-,,A,B+,A-,B,3.103
CS-97416,D,C,B,D,B-,C-,B,B-,D+,D,D,C,C-,D+,D+,B,C-,C+,D+,C+,D+,D+,C-,D+,C-,C,C-,B+,D,B+,D+,D,B+,C,C-,C-,,C,D,A-,B,1.951
CS-97417,C,D+,D,C-,B,C+,B+,B-,C,C,B,B+,C,C,A-,B,B,C,C,B,B,C,A-,B,B-,A-,B,B+,B,B,C+,B,A,B-,C,A-,B,A,B+,A-,,2.773
CS-97418,A-,A,C+,A,A+,B,A-,B+,B,C-,C-,B+,A+,B,B+,A-,C,C,B+,B-,A,A-,B+,B+,C+,B,B+,A+,C,A,B+,B,A+,B,A,B,,A,A-,A,A+,3.334
CS-97419,A,A-,C+,A,A,B,A,A+,B,B+,C+,A-,B,A-,A,B+,B+,B-,B,A,B+,B-,A-,B,B-,B+,B,A,A,A,B-,A,A+,B+,A-,B,,A,A-,A,B+,3.476
CS-97420,A,A,B+,A,A,B-,A,A,B+,A,B,A,A,A-,A,A-,A,A,A,A,A-,B+,A+,B-,A-,A-,B,A+,A+,A+,A-,A,A+,A-,A,B+,,A,A-,A,A-,3.765
CS-97421,A,A,C+,A,C+,B+,A-,A+,A-,B+,C+,A,A,A-,B+,B+,C,C+,A-,A-,A,C+,B+,B+,B-,A-,C+,A,C-,B+,C,B,A+,A-,A-,A,B+,A,B,A,,3.356
CS-97422,A-,B+,B-,A,A,B,A,A,B,B,C,A,A-,B,B+,B+,B,B,B,B+,B+,B,B+,B,C+,B,B,A,A+,A-,C+,B+,A+,B-,A-,B,,A,C,A-,B,3.29
CS-97423,D+,D+,B-,C-,D+,C+,B-,D,C-,C+,D,B-,D,B+,C-,D,C-,C-,C-,C,B,D,C+,C+,B-,D,D,B,A,D,F,C,D+,B-,B,D+,,C,B-,B+,D+,1.949
CS-97424,D,D+,D,D,C-,C,C+,B-,C,C,D,B-,C-,D,C+,B+,D+,B,D+,B-,B,B-,F,B,C,D+,B,C+,D+,F,D,D,D,D,D+,D,D,W,C,B,,1.747
CS-97425,C-,D+,B-,C+,D+,C-,A-,C-,D+,D+,D+,D+,D+,D+,D+,D+,D+,D+,D+,B,C,D+,C-,C,D+,B,B,D,A-,C+,C,D,W,C,B-,F,D+,W,D,B,,1.835
CS-97426,B+,C+,A,B+,A-,A-,B,C,B+,A-,B,C+,B,B+,B-,B+,B+,B+,B+,B,B,B,A-,A-,C+,B,B+,A-,B+,B-,B-,B-,A,B-,A-,B,B+,B,A-,B,B,3.207
CS-97427,A,A-,A,A-,A-,A+,B-,A,A-,A-,A-,B,A,A,A-,A,A,A,A-,A,B-,A,A,B,B+,A-,A,A-,A+,A,B,A-,A+,A,A,A,A+,B+,B+,B+,A-,3.741
CS-97428,A+,A,A+,A,A+,A,A,A,A,A,A,B+,A,A+,A,A+,A+,A+,A,A,A,A+,A+,A,A,A+,A+,A+,A+,A+,A+,A,A+,A+,A,A+,A+,A-,A,A+,A,3.985
CS-97429,A-,B,A,A-,A-,A,B,A,A-,B-,B,B+,A,A,A-,A-,A-,A-,B,A-,A-,B+,A,B-,B,B+,A-,B+,A,A,B,B+,A,B-,B+,B+,B+,B,B,B+,B,3.477
CS-97430,A-,B,A,A-,A-,A-,B,B,B+,B-,C,B+,A,A+,B,A-,A-,B+,B-,B,B-,B,A,B-,C,C+,B,C+,A-,D+,D+,C-,B,C,B,B-,C,C+,B+,B,C,2.917
CS-97431,A,B+,A,A-,B+,A,B+,A-,B,B+,A,B,A,A+,A-,A,A,A,B+,A,A-,B+,A-,B,B+,B+,B+,B-,A-,B-,C+,B+,A-,C+,B+,B+,B-,B+,B+,C+,B-,3.424
CS-97432,C,C,A,A-,B-,B+,C+,C,B,B-,D,B,D,B,C+,B+,C+,B-,D+,B,B,C,A,B,C+,B+,B+,B+,B,B-,C-,C,A-,B,A,C,B,C+,A-,B+,B,2.784
CS-97433,B+,C+,A,A-,B-,A+,A-,B+,A-,B-,D+,B,B-,C,B+,B,B,C,B-,B-,B,B-,B+,B,C,B,B,C,B+,D,D,D,A-,C-,B,C,C,C-,B,B,W,2.699
CS-97434,B+,B,A,A-,B,A,B,B,B+,B+,A,B+,A,A,A-,A,A-,A-,B+,A,B+,A-,A,B+,B,A-,A,B+,A-,B+,C+,B+,A-,C+,A,B,B+,B,B+,B,B,3.481
CS-97435,A-,C-,B+,A,B,B-,A-,C,A-,C-,C+,B,B,C,B+,B,B+,C+,B-,B,B-,B,A,B+,C,A-,B,B-,B,B,C+,B-,A-,B+,A,C,B,B+,A-,A-,B-,3.014
CS-97436,A,B-,A,A,B,A,A-,B,A-,B,A-,A-,A-,A,A-,A,B+,A-,B+,B-,A,A-,A+,A-,B-,A-,A,B+,A-,B,B-,B+,A,B,A-,B+,A-,B+,A,A,A-,3.559
CS-97437,A,B,A,B+,A,A,C+,A,A,B,A-,B+,A,A+,A-,A,A,A,A-,A-,B-,A-,A,B,B+,A-,A,A,A,A,B,A,A+,A,A,A-,A,C+,A,A,A,3.73
CS-97438,A,A-,A+,A,A-,A,B,A,A,B,A,A-,A+,A,A,A+,A,A,A,B+,B,A-,A,A-,B+,A-,A,A,A,A,B+,A,A,A,A,A,A,A-,A,A-,A-,3.831
CS-97439,A-,D,A,B+,B,A,B+,B,A-,B+,B,B,B-,A-,B,A,A,B+,B,B+,B+,B,A-,B+,B-,B+,A-,A-,A-,B-,B-,C-,B+,C,B+,B,B+,C+,B,A-,B+,3.219
CS-97440,B+,C+,A,A-,B+,A-,B-,A-,A-,B,A,B,C+,B-,B+,A,B+,B+,B+,B+,B,B+,A,C+,C+,B+,B+,B-,C+,C,C-,C,B,C,A,D+,B-,B-,B,C,B-,3.019
CS-97441,A,B-,A,A-,A,A-,B+,A,A-,B,A-,C,B+,A,A,A,A,B+,A,A-,B+,A,A+,A-,A-,A,A,A,A,A,B,A,A,A,A,B,A,B+,A,A,A-,3.756
CS-97442,A,C,A,A+,B,A-,A-,C-,A-,B-,B,B,B-,A-,B-,B,B-,C+,C,C+,B,C+,A,B,C,B,B,C,C+,C+,C,C-,A,C+,A,B,B-,B,B+,C,B-,2.891
CS-97443,B+,C,A,C+,A-,B+,A,B+,A,A-,B+,B-,C,A-,B,A-,B+,C+,B-,B,A-,B,A+,B+,B,B,B-,B+,C-,B+,C-,B,A,B+,A,C-,C+,B,A,A-,B,3.179
CS-97444,A,B,A,B,B,A,B,A-,B,B+,B+,A-,A-,A+,B-,B+,A,B+,C,C,C,B+,B+,B,C+,B-,B,A-,A,A-,C+,C+,A,B-,A-,C,B,C+,B-,C+,B,3.137
CS-97445,B+,C+,B+,B,C,A-,B,B,B+,C,C+,B-,C,C+,B-,B,B-,D,D+,C,B-,D,B,B+,C,C-,C+,C,D+,D,C,C-,B,C,B+,D,C+,A-,B+,B-,C-,2.424
CS-97446,B+,D+,A-,A-,C-,A-,B,D,B+,C-,C-,A-,C-,D,B,B+,B,B-,C,B,B,D+,A-,B+,B-,B+,B-,B,B+,C,C,C,B+,B,A,C-,B,B-,A-,B,C+,2.737
CS-97447,B,D,A-,D+,B,B+,C+,C+,C-,D,C-,C+,A+,C+,B-,C,C-,C+,B,C-,C-,D,D,B-,D+,C,C,C+,C+,F,C,D,B,C,B-,F,F,C-,B,D+,D,1.989
CS-97448,B-,A-,B+,D,B,B,D+,B+,D,C,D+,B+,C+,B+,C,D+,C+,D+,B+,B,C-,C,D,D,D,D,C-,C+,C+,D+,WU,F,C-,D,B-,F,W,F,D+,F,D+,1.882
CS-97449,A-,C,A,A,A-,A,B+,B-,B+,B,B,B+,B-,B+,A-,A,A,A-,B-,A-,A-,B+,A+,B+,B,B+,A-,A-,A-,B+,B,A,B+,B,A,B+,A-,A-,A,A,A-,3.523
CS-97450,A,A-,A,A,A,A+,B,A-,A,A,A,A-,A,A+,A,A+,A+,A,A,A-,A,A,A,B+,A,A,A,A,A+,A,A-,A,A+,A+,A,A-,A,A-,A-,A-,A,3.908
CS-97451,A+,B+,A,A,A,A,B,A,A-,A,A-,B,A-,A+,A-,A-,A,A-,B+,A-,A-,A-,A,A-,B,B+,A-,A,A+,B+,B+,B,A-,A-,B+,B,B+,C,B+,A-,B,3.58
CS-97452,C+,D,B+,C,D+,C,D+,B,C+,D,C,B+,C,C+,C-,C,B-,B,A-,D,C,C-,A-,B,C,C,B-,B-,C,C+,C+,C,B+,B-,A-,C-,C,C+,B,C,C+,2.352
CS-97453,A+,B+,A,C+,B+,B+,A,A,A,A,A,B-,A,B,C,A,A-,A-,B-,B,B+,C+,A,B+,C+,B+,C,B,B+,B+,D+,B+,A+,A-,A,B,B,B+,A-,A-,B,3.332
CS-97454,B+,D,A,A,B-,A,B-,B-,A,A-,B,B+,D,B-,C,B+,A-,B+,C+,B-,B,B+,A,B-,B,B-,A-,A,B,B-,A-,D,B,C+,B,W,W,C-,C,B-,W,2.935
CS-97455,B,D+,A-,A-,C,A,C,B-,B-,B-,D,A,C,B,F,F,B,B+,C-,C,B-,C,B+,WU,D+,C-,C,B-,C,F,C,C-,C-,F,B,D,W,F,F,F,D,1.923
CS-97456,A,B,A,B,B,A,B+,B,A,A,A,B-,B-,B,B-,B-,A-,A,C+,C,B,A,C+,B+,C,B,B-,B+,B-,C,C-,C-,C+,C,A-,C,C,C,B,B,C+,2.918
CS-97457,B+,C,A,C,C,C,C+,A+,C,C-,B+,B,C+,B,C+,B+,B,C+,C,B,B-,C-,A,B,C,B,B-,D+,B,C,A-,C,A-,B-,B+,C,C-,C+,B-,C+,C-,2.612
CS-97458,C-,C+,B+,D,D+,B,B,A,B,B-,C-,B+,D+,C+,C,B-,C-,C+,C,D+,A-,B+,B+,B,A,C-,D,C,D+,D,B+,D+,B-,C,A,F,D+,B+,A-,C+,D,2.334
CS-97459,C,D,A-,B+,A-,B,B,B-,C+,D+,B+,B,D,A,C-,C,C-,B-,C,C-,C+,C-,B-,B,B,C,D,C,C-,C-,B,D+,C,C,B-,F,D,B,B,C,D+,2.206
CS-97460,A,A,A,A+,A+,A,A-,A,A,B+,A,A-,B,A+,A,A,A,A,A,A,A,A,A+,A,A,A+,A,A,A+,A,A,A,A,A,A,A,A+,B+,A,A,A+,3.942
CS-97461,B+,B-,A,A,B,A,B+,B,B+,A-,B+,B+,B-,A-,A,A,B+,B+,B,B+,B-,B+,A,A-,B,B+,B+,B,B+,B-,C-,A-,A+,B,A,B+,B+,B+,A,B+,B+,3.405
CS-97462,A,A-,A,A,A,A+,A-,B+,A-,A,A,A-,A,A-,B,A,A+,A,A,A-,A,A,A+,A-,A-,A,A,A,A,A,A-,A,A,B,A,A-,A,B+,A,A-,A-,3.843
CS-97463,A,C,A,A,B,A,B+,B+,A-,B+,C-,A-,B,B+,B,A-,A-,B+,C+,B,B+,A-,A,B+,B,B+,A-,B+,A-,B,C,A-,A,B,A,B-,B+,B,A-,B+,B,3.339
CS-97464,A,B+,A,A,A-,A+,A,A-,A+,A+,A+,B+,B,A-,A-,A,A+,A-,A-,B,A,A,A+,A,A-,A+,A-,A,A,A,A-,A-,A,B+,A,A-,A,A-,A,A-,A-,3.818
CS-97465,A,B+,A,A,A,A,C+,B+,A-,B-,B,B,A,A,A,A,A-,A-,B+,A-,B-,A-,A,B+,A-,B+,A,A-,A,B,B,B+,A,A-,A,B,A,B,A-,A-,A-,3.607
CS-97466,A-,B,A+,A-,A,A+,B-,A,B+,C+,A,B+,A-,A-,A-,B+,A-,A-,B+,B+,A-,B+,A+,B,B,A-,A,A-,A,B+,C-,A-,A,B,A,A,B+,B,B+,B,B+,3.528
CS-97467,A-,C-,A,A,B-,A,B-,B-,B+,B,C,B,B-,A-,B+,A,B+,B+,C+,B+,B+,B,A,B,B-,B-,A-,A-,A,B-,D,B+,A-,B,A,B-,B,B,B+,C,B-,3.149
CS-97468,C+,B-,A,B,A,B+,B-,D,C,C,C,B,C,C,D+,D+,B,C,C,C,B-,C,A,C,D+,C,C+,D,C+,C+,F,D+,B+,C-,B+,D+,C,B+,C,D+,C,2.264
CS-97469,C-,D,B,C,D,B,C,A-,C,C-,D+,B,C,C,B,D,B-,C,B,B,C+,A-,C+,C,F,C-,D,C-,C-,D,WU,C-,C,C+,A,C-,D+,D,B-,C-,D,2.035
CS-97470,A,A-,A+,A,A,A+,B,A-,B+,B+,A-,A-,A-,A,C,A,A,A,A-,A,B+,A,A,B,A-,A-,A,A-,B+,A-,A,B+,A+,A-,A,B+,A,B+,A,A,A-,3.714
CS-97471,B-,B,A-,B-,B-,A,B,B,B,C+,A,B,B,C,B+,B-,B-,B-,D,B,B+,B,A,B,C-,B-,B-,C-,A,D,D,C,B+,C+,A-,C,B-,C-,B+,C+,C,2.706
CS-97472,B+,C,A,A,A-,A-,B-,B+,A-,C-,B,B+,B,B+,A-,A,A,B+,B,B,A-,B-,A,B+,B-,A-,B+,B+,B,B,C,A-,A,B+,A,B,B,B,A-,B+,B+,3.339
CS-97473,A-,A,A+,A,A+,A+,B+,A-,A,A,A+,B+,A,A,A,A,A+,A,A,A,A-,A+,A+,A,A,A,A,A,A+,A,A,A-,A,A-,A,B+,A+,B,A-,B,A,3.876
CS-97474,A-,C,A,A,B,A,B+,C,B+,C+,D,B,B+,C-,B,B+,B+,C+,C-,B+,B+,B+,A,B+,C+,B-,B,B+,A+,C-,D+,B,A,C+,A,B,B,B+,B+,B,B-,3.019
CS-97475,B,D,A,B,B-,B,B+,C,B+,C,C+,A,D+,C+,B,A-,B-,B+,B,B-,B,B,A,B,C+,B-,B+,C,C+,C,D,C+,A-,B,B,C+,C,B+,B+,B,C+,2.763
CS-97476,B,C,A,B,B+,A,B-,A,B+,B,B-,B,A-,B,B+,B+,A-,B+,C,B-,B,B,A-,B,B-,B-,B,B+,A,B,C,C+,B+,B,A-,B-,B+,B,B+,B-,C+,3.111
CS-97477,B-,B-,A-,A,B,A,B,B+,A-,B+,B-,B,A,B,B-,B+,B,B,C-,B+,B,B,A,B+,A-,B,B+,B+,A,B,C,B,A,B-,A,B,B,B+,B+,B-,B,3.211
CS-97478,B-,B-,A-,C-,C-,C+,B-,D,C,D+,B+,B-,B-,C,C+,B-,B,C,D,B,B-,C,A,B-,D+,C,B+,C+,B,D+,F,B-,B,C-,B+,C+,C+,C+,B,B-,C+,2.414
CS-97479,B+,C-,A-,A,B,A-,B,A,B-,C-,C+,B+,D+,C,C,A-,B,C,C-,B,B,D+,B+,C-,C+,B,C+,B+,B+,C-,A-,B-,B,B-,A,C,C+,B-,B+,B,C+,2.779
CS-97480,B+,D,A,B+,B,A,A-,B+,A-,B+,B,B+,B-,D+,B+,A-,A,B+,B,B+,A-,B+,A,B,B-,A-,A-,B,A-,C,D+,D+,B,B-,A,B-,B,B-,A-,C,C+,3.099
CS-97481,B-,D+,A,A-,C+,A,A-,D,B,C,C-,B+,D,D,B,B,B,B-,D+,B,B+,C-,B,B+,C,B-,C+,C+,C,C-,F,C-,C,D+,A,D,C+,C+,A-,B,C,2.444
CS-97482,B-,A-,C+,D,B,B,A-,A-,C,D,D,C+,D,F,C-,D+,C,D+,B,B-,C-,D,B,D+,F,C-,D,C+,C-,F,W,WU,,,,,,,,,,1.896
CS-97483,B,D+,A,B+,A-,A,B,B+,B+,B+,B,B+,B+,C,C+,A-,B+,B+,C,B-,B-,B-,B+,B-,C,B,B,B,A-,C+,D+,C+,B+,C+,A,C,B-,C-,B,D+,C,2.87
CS-97484,A-,B+,A,A+,A-,A+,A-,A,A,A,B,B-,B+,A+,B,A-,A,A,B,B-,B+,A-,A,B+,A-,A,A,A,A,A,A-,B+,A,B,A+,A-,B+,B,A-,B,A-,3.648
CS-97485,A,A+,A,A,A+,A,A,A+,A+,A+,A,B,A,A+,A-,A,A+,A,A+,A-,A-,A+,A+,A-,A-,A,A,A,A,A-,A,A-,A,A,A+,A,A,C+,A,B,A-,3.868
CS-97486,B,B,A-,B+,A-,A-,A,D,B+,A,A,B,A-,A,B,A-,A,A,A-,A-,B+,A,A,B+,B+,A-,A-,B+,A-,B,B,C-,B+,C,A-,B-,B,C+,B,B-,C+,3.303
CS-97487,B,B,A,B+,B-,A+,B,B+,A,A,A,B,B,B,C,B,B+,B,C,C-,B,B+,A,B+,B-,B+,B-,B,A-,B-,B,C-,B,C,A+,B-,C,B,B,C+,C+,3.01
CS-97488,B,C,A,B+,B-,A,B,B-,B+,B-,A,B+,B,B-,B+,A-,B,D+,C,B-,B,B,A-,A-,B-,B+,B,B+,A,B,C,C+,B+,B,A,C,B,A-,A,B-,B+,3.114
CS-97489,A-,B-,A-,A-,B+,A+,B+,A-,A-,B+,B-,B,B,B,C-,A-,A,A,C+,B-,B,D,A,B-,C+,B+,B,C,A-,B,C,C-,A-,B-,A+,C+,B+,C,B,C,B-,3.015
CS-97490,C,B-,C+,B-,B+,C+,B-,B+,B-,D,C-,A,D+,D+,B-,D+,C+,D,C,B,C,C,C+,D+,F,C-,D,C+,D,WU,WU,D,D,F,A-,F,D+,C,B,F,D,1.886
CS-97491,C+,D,A,D+,B-,A-,B,A,B+,C,B-,B-,D,D+,C+,C+,B,C,C-,B-,B-,D,A-,C+,C-,B-,B,C,C,C-,B,C,B-,C,A,D,C,C+,B-,C-,C+,2.442
CS-97492,B+,D+,A,B-,B+,B,B+,A-,A-,C,A-,B,B+,B+,B-,B-,B,B+,C-,B,A,C,A-,B-,C,B+,B+,B,B,B-,C,C+,B+,B-,A,C,C+,B,B,C,B,2.947
CS-97493,B+,B-,A-,B+,B,B+,C,B,A-,B+,A-,C-,B+,A,C-,B,B+,B+,D,D,C-,A-,C,D+,W,C,C,C+,B+,D,B+,C+,C+,C+,A-,C,C,C-,B-,C,C,2.602
CS-97494,A,B,A,A,A,B+,A+,B,A,A,B+,B,C,D,B+,A-,A,B+,C+,B-,A-,A-,A,B+,B,A-,B+,B+,A,B+,C+,B-,A,B,B+,B,A-,B,A-,B,B,3.35
CS-97495,A,A,A+,A,A+,A,A-,A,A,A-,A,A-,A,A,A,A,A,A,A-,A-,B,A,A+,A-,A-,A,A,A,A,A,A,A,A-,A,A,B+,A-,B+,A,A,A-,3.878
CS-97496,A-,A,A,B+,A,A-,A,B-,A,A,A-,B,B-,B,B+,A-,A,A,A,A-,A-,A+,A+,B,B+,A,A,A,A+,A-,A,B,B+,B+,A,B,B+,B-,A-,C,B-,3.576
CS-97497,B+,B,A,A+,B,A,A,A,A,A,B+,B,B+,B+,A-,A-,B+,B,B,B,B+,B,A-,A-,C,A-,B,B+,A-,B,B,C,A-,B-,A+,B+,B+,B,A-,C-,B+,3.346
CS-97498,A,B,A,A-,A,A,B+,B+,A,A-,A,B+,A,A,A-,A,A-,A-,C+,B-,B+,A,A,A,B,B+,B+,B,A-,A-,B-,A-,A,A,A,B,A-,B+,A,B,B,3.583
CS-97499,A+,A,A+,A,A+,A+,A-,A,A,A+,A+,A,A+,A+,A,A+,A+,A+,A,A,A,A+,A+,A,A,A+,A,A,A+,A+,A+,A+,A+,A+,A,B+,A+,A,A,A-,A+,3.97
CS-97500,A+,A+,A+,A+,A+,A+,B+,A+,A,A,A+,A-,A+,A+,A,A+,A+,A,A,A,B+,A,A+,A-,A-,A,A+,A,A+,A+,A,A+,A+,A+,A,A,A+,A-,A,A+,A,3.949
CS-97501,A+,A-,A,A,A+,A,B+,A,A-,A-,A-,B+,A,A,B-,A,A,A+,B,C+,B,A+,A-,B,B,A-,A-,B-,A,B,C,C+,A,B,A+,B,A,B+,B,B,B+,3.481
CS-97502,B+,A-,A,A,A,A,A+,B,A+,A,A,A-,A-,B+,B+,A-,A,A,B+,B,A,A,A+,A-,B,A-,A-,A,A,A,A,A,A,A,A,B+,A,A-,A,A,B,3.763
CS-97503,B,C,A,B,B-,B+,A,D,B,C,B-,B,C,D,A-,B-,C,D+,A,A-,A-,B-,B-,B,C+,B+,C+,B+,B+,C,B-,D+,B-,D+,A+,C-,B,B,A-,C-,B+,2.782
CS-97504,A,A,A,A-,A+,A,A-,A,A+,A+,A,A-,A+,A+,A-,A,A+,A,A,B+,A,A+,A,B+,B+,A,A,A,A,A+,A,A,A,A,A,B+,B+,B+,A,A-,B+,3.863
CS-97505,A,B,A,A,A,A+,A-,B+,A-,B+,A-,A,A,A-,A,A,A-,A,B,B+,A,B,A-,A,B,A,B+,A-,A-,A-,B+,A-,A-,B+,A,A,A,B+,A,A-,A-,3.711
CS-97506,A-,C,A,B+,A,A-,B,B,B+,C-,C+,A-,A,A,A-,A,B+,A,B-,B+,B,B,A,B,B,B+,A-,B+,A,B+,C+,A-,A+,A,A-,A,A,B+,A-,B+,B,3.443
CS-97507,B+,B-,A,A-,B,A,A,C-,A-,A-,A-,D+,C+,D+,B-,A-,B,D,A-,A-,B,B-,B+,B,C-,B+,B-,B,B+,C+,B,B-,A-,B+,A,B+,A-,B,B,B,B,3.107
CS-97508,A-,C-,A,A,B+,A-,A-,B,A-,B,B,B+,C+,C,B,A-,B-,B-,C-,C,B+,C+,A-,A-,C,B,B+,B+,A,B-,C+,B,A-,B,A-,B,B,B+,A-,B,B+,3.116
CS-97509,A-,D,A,B+,B+,A,B,B,B+,B+,B-,B-,B-,B-,B,A-,B-,C+,C,C+,B-,C,A-,B-,C+,A-,A,B,A-,C+,C,B-,B+,B+,B+,B+,B,B,A-,B+,B,3.056
CS-97510,C,A,A,C-,D+,C+,B-,C,C-,D+,C-,A-,C,C+,B+,C+,B-,D,B-,B,B-,B-,C-,D+,D,D+,C,C-,C-,C-,F,D,D+,D+,B+,F,F,C,C+,C,D+,1.992
CS-97511,B+,C-,A,B,A,B,B+,D,B+,B+,A-,B+,C+,B,B+,B+,A-,B,B+,C,B+,A,A,B,C+,B+,B,A-,A-,B+,C+,B+,A,B+,A,B+,B,C+,A-,C+,B+,3.24
CS-97512,B-,D,A-,B,C,B-,B-,A-,C,C+,A-,B+,B,C,B,C-,B,D,B,B+,C+,B,C-,B,D,B-,C-,C+,B-,D,WU,C-,B,C,B+,C,C+,B,B+,C,C,2.484
CS-97513,C,D,B+,B-,B-,B,A,D,C+,C-,D+,B+,D,C,D+,C,C-,C-,B-,D+,B+,D+,A-,B,D,B-,B,C+,B+,D+,D,C-,D+,C,B+,B,C+,B-,B,C,C+,2.288
CS-97514,B-,C+,A,B-,B-,C,A-,A-,B,D,C,C,A,A-,C+,A-,A+,B-,D+,C+,B,A,B+,C-,D+,B-,C-,D,A,C,D+,C-,B+,C,A-,D,D,C+,B+,C,F,2.489
CS-97515,B,D,B+,A-,B-,B+,B,D,B+,D,D,B,D+,C-,A-,B+,C+,B-,C,B-,A-,C,A,B+,B,A-,A-,B,A,A,B-,B,A,B,A,A-,A-,B,A,B+,B+,3.027
CS-97516,B-,C-,A,C+,C+,B+,B+,D,A-,C-,C-,C+,D,D+,B,A-,C,C-,C-,C+,B+,C+,B+,B+,B-,B+,A-,B-,A-,C+,D+,B-,A-,B,A,B,B,B-,B+,B-,B,2.776
CS-97517,B,D,A-,D,B+,D+,B+,C-,C-,C,C+,B,C,C-,C-,B,C-,C+,C-,C-,B+,C+,B+,B-,D,C,C+,C-,A,F,D,F,D+,F,A,C,F,C-,B,F,F,1.953
CS-97518,B+,C-,A,A-,A,A,A,B+,A,B+,B-,B+,B-,C+,B,B+,B,B+,C,B,B+,B,A,B+,B-,A-,A-,B+,A+,A-,B,B-,A,C,A,B+,B,B-,B+,B-,B,3.272
CS-97519,B+,D,A,A-,B+,A,B,D+,B+,B-,B+,B+,C+,B,B+,B+,C+,B-,C+,C+,B,B-,B+,B+,C-,B+,B,B,B,B-,D,C,A-,B,A,B+,B,B-,B+,C+,B,2.951
CS-97520,A-,B-,A-,B+,A,B+,A-,C,B+,B,A,B+,C+,C,B,B+,B-,A-,C+,C,B,B,A,B-,C,B,B+,B,B+,B-,C-,B,B-,C+,A,B-,B,B-,B,C-,C+,2.982
CS-97521,A+,D+,A,A-,B-,A-,B,B,A,A-,B,B,C,B-,B,B,C,B+,C-,B-,B,C,B+,B+,C,B+,B+,B-,B+,B,C-,C+,A,C,A,A-,B-,C+,B+,C,B,2.96
CS-97522,C-,D+,B-,C,B-,C,B,C-,B+,C+,C-,B-,D+,F,D,C,D,D,D,D+,B,B+,D+,C+,W,C,C-,C,D,D+,F,B+,D,C-,A-,D+,F,C,B-,C-,D+,1.863
CS-97523,C,A-,B,A-,C+,B,C+,D+,C+,B-,C,B,C,D+,C,C-,B+,D,C,C,B-,B,D+,C,F,C,C-,D+,D+,D,F,D,F,F,A-,F,F,C-,C+,C-,F,1.806
CS-97524,B-,D,A,A-,B-,A,B,D,B+,C,D,C+,D,C-,C+,B,D,C+,D+,C,B,D,B-,C+,D,B,C,C-,C,D+,C-,B+,B,B-,A,C,D+,B,B,C-,C+,2.328
CS-97525,B-,A-,A,A,C+,B+,A,A-,B,C-,C-,B,B-,D+,C,B,B-,B-,D,B-,B,C-,A-,B,B+,B,B-,C,B,D,F,D+,B-,C+,B+,D+,C-,B+,A-,B-,C,2.576
CS-97526,C,A-,A,C+,C,B-,C+,A+,B-,A,D+,C+,C+,B,A,B-,A-,C+,A,A,B,A-,B,C,B-,B,A-,C,A-,B,D+,B-,A-,B-,A,B-,B,C,C+,D+,B,2.941
CS-97527,B,C,A-,C,B-,B+,B-,D,B-,C+,B-,C,A-,C+,C-,B-,B,D,A-,C,B+,B,B-,B-,C,B,B+,C+,B,D+,C+,B,B+,B-,B+,C,D+,C,B+,B,B,2.659
CS-97528,C-,D,B,B+,C-,B-,C+,B,C+,B+,A-,B,D,C,B,D,D+,D,C+,D+,C,C+,B+,D+,C,B-,D,B-,B,D+,F,D,D,D,A,F,D+,D,C+,C-,F,1.957
CS-97529,A,B+,A,A,A-,A,A,A,A,A,A,C+,A,A-,A-,A,A,A,B,B+,A-,A,A,B+,B+,A,A,B+,A,A,B+,B,A,B+,A,A,A,B,A-,B,A-,3.734
CS-97530,A+,A,A,A,A,A,B+,A,A,A+,A+,B,B,A-,A,A,A,A,A+,B,A-,A+,A+,A-,A,A,A,A,A+,A,A,A-,A+,A+,A,A,A+,B+,B+,A,A,3.876
CS-97531,A,A,A,A-,A-,A,A-,A,A,B+,A,A-,A+,A,A+,A+,A+,A+,A+,A,A-,A,A,A,A-,A,A,A,A+,A,A+,A,A+,A,A+,A+,A,A-,A,A,A,3.942
CS-97532,A+,C+,A,A-,B+,A,A,A,A,A,B+,B,B+,A,A-,A-,A-,A-,A-,B-,A,A-,A+,B,B+,A,B,B+,A-,B+,B,B+,A+,B+,A,A,A-,B+,B+,C,B,3.566
CS-97533,B+,C,A,B,A-,A,B+,D+,B+,B-,B+,B+,C-,B,B+,A,B,B,B+,B,B,A-,A,B,B,B,B+,B+,B,C+,C,C+,B,B-,A,B,C+,B,A-,D+,C+,3.068
CS-97534,A-,B+,A,A-,A,A+,A,A,A+,A+,A,B+,A-,B,A-,A,A,A-,A,B+,A-,A+,A+,A-,B+,A,A,B+,A,A-,A-,B,A,B,A,A-,A-,C+,B+,B-,B,3.679
CS-97535,B-,B-,A,A,A-,A,A-,B,B+,B+,B,A-,C+,B,B+,A,A-,A-,C+,B+,A-,B+,A,B+,B,B+,B+,B+,B,B,C,B+,A-,B+,A,B+,B+,B,A-,B+,B+,3.369
CS-97536,A-,B-,A,A-,A-,A,A-,B-,B,B+,B,B,B,B+,B-,A-,B+,A-,B,B+,A-,A,B,B+,B,A-,B+,A-,A-,B+,B-,B,A-,C+,A,A,B+,B-,A-,C+,B,3.365
CS-97537,A,C+,A,B-,A-,A+,C,B+,B+,B+,B,B+,B,A-,A-,A,A-,A-,B,B+,B+,A,A,B,B,A-,A,B+,A,B+,B-,B+,A,B+,A-,A,A,B,B+,B+,A-,3.504
CS-97538,A,C,A,A-,A,A,B,A-,B+,C+,C+,B+,A,A,B+,A-,B+,A-,C,B+,B+,C+,A-,B,B-,B+,A,A-,A+,B-,B-,B+,A,B+,A,A-,B+,B,B+,B,B+,3.386
CS-97539,A-,C,A,A-,A,B+,A-,B-,A,B+,A-,B+,B,A-,A-,A-,B+,A-,B-,B,A,A-,A,A-,B,A-,A-,B+,B+,B+,C-,A-,A,A-,A,B,A,B,A-,A-,A-,3.499
CS-97540,A,C+,A,B+,B+,A-,B+,B,B+,B+,A-,B+,B,B+,B+,A-,B+,B+,C,B-,B,B+,A,B,B+,A,B+,B+,A-,A-,B+,A-,A,A,A,A-,B+,B,A-,B-,A-,3.452
CS-97541,A,B+,A+,B+,A,A,B+,C,A-,B,B+,B,B,A,A,A+,A-,A,A,B+,B+,A,A+,A-,A,A,A,A,A,A,A+,A-,A,A+,A,A,A,B+,A-,B+,A,3.765
CS-97542,A-,B+,A,A,A,A,A,B,A,A,A-,B,B,A-,A,A,A,B+,A-,B,B+,A-,A,A,B+,A-,A,B+,A,A,B,A-,A,A,A-,A-,B+,B,A,B+,A-,3.696
CS-97543,A,A-,A,A-,A,A,A-,B,A,A,A-,A-,B-,A,A,A,A,A,A,B,A,A,A,A-,B+,A,A,A-,A,A,B+,A-,A-,A-,A+,A,A,B+,A,A-,A,3.816
CS-97544,A,B,A,A-,A-,A,B+,B+,B+,B-,A,B+,B,B+,A,A,A-,A,B-,B+,B,A,A+,B+,B+,A,A,B+,A,A-,B+,A-,WU,,,W,WU,,,,W,3.607
CS-97545,A-,C-,A,A,B,B,A-,A,A-,C,B-,B+,C-,C,B,B+,C+,C,C,C+,B+,C-,A,B+,C+,B+,B+,A-,B,B+,B,B,B+,B,B+,B,B-,B+,A-,C+,B,3.029
CS-97546,B,B,A,A,A-,A-,A-,D,A-,B-,B,B+,C,C,B+,A-,B,C,C+,C+,B+,C+,A-,B+,B-,B+,A,B,C+,B+,B,B-,B,B,A,B+,B,C,B+,C-,B,3.068
CS-97547,B,D,A,B+,B+,A-,B-,D,B,C,D,B,C,C,A-,A-,B,B,C+,C+,B+,B-,A-,B+,B,A-,A,B,B+,B-,C,B+,B+,B+,A,B+,B+,B,B+,C+,B,3.019
CS-97548,B-,C+,A-,B+,C-,B,C+,D,B-,C-,D+,B,C+,D,C-,B,D,D,B,D,B,C-,D+,B,D+,C,C-,C-,D,D+,B-,D+,C,B-,A-,C+,D+,B-,B-,C,C,2.146
CS-97549,A,A,A,A,C+,A,B+,C,B+,B+,C+,B+,A,B-,B+,A-,B-,C+,C+,C,A-,B,B+,A-,B-,A-,A,B+,A-,B-,C,B,B,B,B,B,B-,A-,A,C+,B,3.182
CS-97550,A-,C,A,A,B,B,B-,C-,B-,C,B-,C-,A+,B,B,B+,C,B-,C-,C,B+,A,C,B,C+,B,B+,B-,B+,B,D,C+,B+,B-,A,B,B-,B,B,B-,B-,2.86
CS-97551,B-,B,A,C,A,A-,D+,A-,D,D,A,B-,B,A,A,C+,B,B+,C+,B-,D,B-,C,F,C,D,C-,D+,A,C-,B+,F,A,C,B+,B-,C,D+,C,F,F,2.359
CS-97552,A,B-,A,B+,A,A,B+,B+,A,A-,A-,B+,A-,B,B+,B,A-,A-,A-,B,B-,A,A,B,C+,B,B,B,A,C,B,C,B+,B-,A,C,B+,C,B-,C,B-,3.218
CS-97553,B-,C,A,B+,C-,A,B,C,B,B,C-,B,B,B+,C,B,C-,C+,D,C,B+,C+,B+,C,A,B,B,C-,B,D,B+,D,C+,C,B+,F,D+,C-,B,D,D+,2.406
CS-97554,A,B,A+,C+,A,A,A-,A,B-,B+,B+,B,B+,B+,A-,B+,A-,A,B+,A-,B+,A,A,B+,B,B+,B,A-,A+,B,C+,B,A-,B+,A,B+,A,C+,A-,B,A-,3.491
CS-97555,B+,C-,A+,C+,B,A-,B+,C,B+,B,B+,B,B,B,C+,B+,B+,C+,C-,C,B+,B+,A,B,C,C+,B,C,A-,C,D+,C,A-,C+,A,B,B,B,B+,C-,B,2.88
CS-97556,B-,C,A,B-,C-,B,B,B-,C-,B+,D+,B,A+,C,D+,C+,D+,D,B+,C+,C+,D+,C+,C,B+,D,C-,C-,C-,F,D,C,D,C-,B,C-,C+,B-,B+,D+,B-,2.206
CS-97557,A,B+,A+,A,A,B+,A-,B,A-,A,B+,B,A-,C,A,A,A+,A,A-,A-,A-,A,A,A-,B+,B,B+,B,A+,A,B,B-,A,A-,A,B+,A,B,A,B+,A,3.624
CS-97558,B+,C+,B,A-,B-,B+,B+,C,B,A,C,B,A-,F,B,C,B-,C-,D+,C-,A-,C+,D+,B-,C,B,C,B-,C,C-,F,B-,C-,C,A-,C,C+,D+,B,C-,C,2.429
CS-97559,A-,B-,A,A,A-,A,B+,A-,B+,A,B-,B,C+,B+,B-,A-,A-,B+,B-,A-,B,A-,A,B+,C+,B+,B+,B,A-,C+,B,B-,B+,B+,A,B,C,D,A-,D+,C,3.172
CS-97560,A-,C+,A,B,B,A-,C+,D,B,A-,A-,B+,B-,B,B+,B+,B+,A-,C,B-,B+,A,B+,A-,B-,B,B,B+,A,B,B+,B-,B+,B-,A,A-,A,C,B+,B+,A-,3.226
CS-97561,B+,C-,A,D+,C+,A-,C-,C+,C+,B,C,B,B,A-,C+,B,B-,B+,A,B,D,C+,B-,F,C,C,B-,C-,B,D,B+,D,B+,C,B+,C-,C-,F,C,D,C-,2.37
CS-97562,B-,B,A-,B+,B-,B+,A-,A,B,B,C,B+,B-,B+,B-,A-,C+,B,A,A,B,B-,A,B+,C+,B-,C,C,B+,C,D,D,B+,B-,B+,D+,C+,B-,B+,C,C+,2.828
CS-97563,B,B,A,C,B,B+,B,C-,B+,B+,B-,C+,C-,C+,B,C+,C+,B-,C,C,C+,B,A,B-,C+,B-,B,B,A-,C+,C,B-,A-,B,B+,B+,B+,C+,A-,D+,C+,2.821
CS-97564,A-,B,A,D+,B+,A-,C,A,C+,C,B,B,B+,B,C,B,B,A,C-,C,C,C+,A,B,C+,C,B+,B,B+,C-,B-,C-,B+,C,B+,C-,C-,C,F,D,C,2.612
CS-97565,A-,D,A,C,B+,B+,C,A-,B-,D,B+,B,C-,B,C,B+,B-,C+,B+,A-,C,B+,C+,B-,C+,B,B-,C+,C+,C,D,C-,B,C+,B+,D+,C,C-,B,C,B-,2.607
CS-97566,F,F,D,C-,,D+,D,,,,,,,,,,,,,,,,,,,,,,,,,,,,,,,,,,,0.8
CS-97567,B,A,A,A-,A+,A,A-,A-,A+,B+,A+,A,A+,A,A,A,A,A+,A,A,B,A-,A,B,A-,A-,A,A+,A+,A,A,B+,A-,A-,A,A,A,B+,B+,B,A,3.798
CS-97568,A+,A,A,A,A,A,A,A-,A,A,A+,B+,C+,A-,B,A,A,A+,A+,A,A,B,A,A,A,A,A,A,A+,A,A+,A-,B+,B+,A,A,A-,B,A-,C,A-,3.772
CS-97569,B,A,A-,B+,A,A,A,A,A,B,A+,B-,B,B+,B,A-,A,B+,B,A,B+,B,A,B,B-,B+,B+,A,B+,B,C+,B+,A-,B,A,B+,A,C,B+,A-,A-,3.47
CS-97570,A,B+,D,A,D,D+,B-,C-,B-,C-,A+,C+,D,D,B,B-,B,B-,C,B-,D+,D+,C+,D,C,C,C+,C-,C-,D,B-,B+,D,B,B,C-,D,C,B,B-,C,2.193
CS-97571,C,D,D,C,C,D+,B,C+,C,D+,B-,C+,C-,B+,D+,B+,C-,B,D+,C-,C,D+,C,D,F,D,D,C,A-,F,C-,D+,C+,C,B-,D,F,C-,B+,D,C-,1.753
